,name,version,name.1,wmc,dit,noc,cbo,rfc,lcom,ca,ce,npm,lcom3,loc,dam,moa,mfa,cam,ic,cbm,amc,max_cc,avg_cc,bug
0,synapse,1.0,org.apache.synapse.config.xml.ProxyServiceFactory,6,1,0,12,65,3,1,11,2,0.7,585,0.5,0,0.0,0.3,0,0,96.16666667,39,7.0,0
1,synapse,1.0,org.apache.synapse.config.xml.OutMediatorFactory,4,3,0,5,9,4,0,5,3,0.666666667,30,1.0,0,0.6,0.666666667,0,0,6.25,1,0.5,0
2,synapse,1.0,org.apache.synapse.config.xml.FaultMediatorFactory,5,2,0,11,41,6,0,11,3,0.846153846,423,0.923076923,0,0.25,0.41666666700000005,0,0,81.0,17,3.8,0
3,synapse,1.0,org.apache.synapse.statistics.impl.SequenceStatisticsStack,6,1,0,6,22,0,4,3,5,0.0,154,1.0,0,0.0,0.5,0,0,24.5,7,3.0,0
4,synapse,1.0,org.apache.synapse.config.XMLToObjectMapper,1,1,0,9,1,0,8,1,1,2.0,1,0.0,0,0.0,1.0,0,0,0.0,1,1.0,0
5,synapse,1.0,org.apache.synapse.core.axis2.TimeoutHandler,4,2,0,4,22,2,1,3,2,0.5555555560000001,139,1.0,0,0.5,0.625,0,0,33.0,4,1.75,1
6,synapse,1.0,org.apache.synapse.mediators.builtin.LogMediator,18,2,0,13,60,65,3,10,9,0.9037433159999999,454,0.454545455,0,0.272727273,0.25210084,0,0,23.61111111,7,1.8889,0
7,synapse,1.0,org.apache.synapse.config.xml.AnonymousListMediator,2,3,0,7,4,1,5,2,2,2.0,9,0.0,0,0.933333333,0.75,0,0,3.5,1,0.5,0
8,synapse,1.0,org.apache.synapse.registry.AbstractRegistry,8,1,1,10,41,20,1,9,5,0.857142857,220,0.666666667,0,0.0,0.35714285700000004,0,0,26.125,14,2.375,0
9,synapse,1.0,org.apache.synapse.statistics.Statistics,7,1,0,1,8,0,1,0,7,0.7222222220000001,104,1.0,0,0.0,0.428571429,0,0,13.0,5,1.4286,0
10,synapse,1.0,org.apache.synapse.config.xml.endpoints.EndpointSerializer,1,1,0,12,1,0,10,2,1,2.0,1,0.0,0,0.0,1.0,0,0,0.0,1,1.0,0
11,synapse,1.0,org.apache.synapse.mediators.filters.OutMediator,5,3,0,7,17,8,2,5,3,0.833333333,89,0.666666667,0,0.8235294120000001,0.5,2,2,16.2,6,1.6,0
12,synapse,1.0,org.apache.synapse.config.xml.DropMediatorFactory,4,2,0,4,8,4,0,4,3,0.666666667,27,1.0,0,0.333333333,0.666666667,0,0,5.5,1,0.5,0
13,synapse,1.0,org.apache.synapse.config.xml.AbstractMediatorSerializer,8,1,11,25,35,20,11,14,4,0.685714286,183,0.8,0,0.0,0.333333333,0,0,21.25,5,1.75,0
14,synapse,1.0,org.apache.synapse.core.axis2.AnonymousServiceFactory,6,1,0,15,32,9,1,14,2,1.0,230,0.7777777779999999,1,0.0,0.32,0,0,35.83333333,14,2.8333,0
15,synapse,1.0,org.apache.synapse.config.xml.endpoints.utils.WSDL20EndpointBuilder,1,1,0,0,2,0,0,0,1,2.0,4,0.0,0,0.0,1.0,0,0,3.0,0,0.0,0
16,synapse,1.0,org.apache.synapse.core.axis2.AsyncCallback,9,2,0,6,10,22,3,3,9,0.791666667,47,0.666666667,1,0.333333333,0.27777777800000003,0,0,3.888888889,1,0.8889,0
17,synapse,1.0,org.apache.synapse.endpoints.WSDLEndpoint,23,2,0,15,59,203,3,12,21,0.924242424,350,0.916666667,2,0.16,0.21022727300000002,1,1,13.69565217,13,1.6957,0
18,synapse,1.0,org.apache.synapse.config.xml.ClassMediatorSerializer,6,2,0,11,26,13,0,11,3,0.8666666670000001,105,0.333333333,0,0.6,0.4,1,2,16.0,4,1.3333,0
19,synapse,1.0,org.apache.synapse.config.xml.endpoints.FailoverEndpointFactory,9,1,0,10,33,28,1,10,3,0.833333333,144,0.666666667,1,0.0,0.23214285699999998,0,0,14.66666667,3,1.2222,0
20,synapse,1.0,org.apache.synapse.mediators.transform.XSLTMediator,15,2,0,17,68,43,2,15,9,0.825396825,473,0.7777777779999999,0,0.31578947399999996,0.223214286,0,0,29.93333333,10,1.8,1
21,synapse,1.0,org.apache.synapse.endpoints.SALoadbalanceEndpoint,19,1,0,16,50,105,4,12,15,0.87037037,279,0.8888888890000001,3,0.0,0.222222222,0,0,13.21052632,7,1.4737,0
22,synapse,1.0,org.apache.synapse.config.xml.endpoints.IndirectEndpointFactory,8,1,0,9,21,20,1,8,3,0.80952381,88,0.666666667,1,0.0,0.23809523800000001,0,0,9.625,2,0.875,0
23,synapse,1.0,org.apache.synapse.config.xml.XMLConfigurationBuilder,13,1,0,25,79,66,1,24,4,0.666666667,438,0.5,0,0.0,0.25,0,0,32.53846154,19,2.7692,0
24,synapse,1.0,org.apache.synapse.config.xml.SendMediatorFactory,5,2,0,10,18,8,0,10,3,0.916666667,81,0.666666667,0,0.25,0.41666666700000005,0,0,14.6,3,1.0,0
25,synapse,1.0,org.apache.synapse.config.xml.InMediatorFactory,4,3,0,5,9,4,0,5,3,0.666666667,30,1.0,0,0.6,0.666666667,0,0,6.25,1,0.5,0
26,synapse,1.0,org.apache.synapse.endpoints.dispatch.HttpSessionDispatcher,5,1,0,7,14,0,2,5,5,0.25,128,0.0,0,0.0,0.6,0,0,24.4,5,3.0,0
27,synapse,1.0,org.apache.synapse.Constants,1,1,0,11,3,0,8,3,0,2.0,69,0.0,0,0.0,0.0,0,0,6.0,0,0.0,0
28,synapse,1.0,org.apache.synapse.config.xml.XMLConfigurationSerializer,8,1,0,21,44,24,0,21,2,0.8857142859999999,243,0.8,0,0.0,0.261904762,0,0,28.75,2,1.125,0
29,synapse,1.0,org.apache.synapse.config.xml.endpoints.EndpointFactory,1,1,0,14,1,0,11,3,1,2.0,1,0.0,0,0.0,1.0,0,0,0.0,1,1.0,0
30,synapse,1.0,org.apache.synapse.config.xml.SendMediatorSerializer,6,2,0,13,24,13,0,13,3,0.8666666670000001,98,0.333333333,0,0.6,0.4,1,2,14.83333333,4,1.3333,0
31,synapse,1.0,org.apache.synapse.config.SynapseConfiguration,32,1,0,29,76,172,13,17,29,0.824884793,561,0.7142857140000001,1,0.0,0.225806452,0,0,16.3125,8,1.875,0
32,synapse,1.0,org.apache.synapse.mediators.transform.HeaderMediator,15,2,0,18,58,43,2,16,10,0.8730158729999999,459,0.666666667,0,0.31578947399999996,0.22448979600000002,0,0,29.0,23,2.6667,1
33,synapse,1.0,org.apache.synapse.config.xml.SequenceMediatorFactory,6,3,0,10,24,11,1,9,4,0.8666666670000001,206,0.666666667,0,0.428571429,0.46666666700000003,1,1,32.83333333,9,2.8333,0
34,synapse,1.0,org.apache.synapse.endpoints.algorithms.LoadbalanceAlgorithm,2,1,0,10,2,1,8,2,2,2.0,2,0.0,0,0.0,0.75,0,0,0.0,1,1.0,0
35,synapse,1.0,org.apache.synapse.config.xml.SwitchMediatorFactory,5,2,0,14,33,6,0,14,3,0.8,206,0.8,0,0.25,0.41666666700000005,0,0,39.2,5,1.4,0
36,synapse,1.0,org.apache.synapse.config.xml.AbstractListMediatorSerializer,5,2,7,15,22,8,7,8,1,0.75,73,0.5,0,0.666666667,0.3125,1,2,13.2,3,1.0,0
37,synapse,1.0,org.apache.synapse.core.axis2.SynapseDispatcher,6,3,0,10,20,13,0,10,4,1.04,72,0.8,0,0.75,0.4,2,3,10.16666667,1,0.6667,0
38,synapse,1.0,org.apache.synapse.config.xml.AbstractMediatorFactory,2,1,11,15,8,1,11,4,1,2.0,36,0.0,0,0.0,0.666666667,0,0,17.0,5,2.5,0
39,synapse,1.0,org.apache.synapse.config.xml.endpoints.XMLToEndpointMapper,4,1,0,8,8,4,1,7,2,0.666666667,32,1.0,1,0.0,0.5,0,0,6.75,2,0.75,0
40,synapse,1.0,org.apache.synapse.endpoints.dispatch.Dispatcher,4,1,0,8,4,6,6,2,4,2.0,4,0.0,0,0.0,0.666666667,0,0,0.0,1,1.0,0
41,synapse,1.0,org.apache.synapse.config.xml.endpoints.FailoverEndpointSerializer,2,1,0,12,14,0,1,12,2,0.0,77,1.0,0,0.0,0.75,0,0,37.0,4,2.0,0
42,synapse,1.0,org.apache.synapse.mediators.builtin.SendMediator,6,2,0,17,34,1,4,13,4,0.75,185,0.75,1,0.6,0.35,0,0,29.16666667,12,2.5,0
43,synapse,1.0,org.apache.synapse.config.xml.PropertyMediatorFactory,5,2,0,11,28,6,0,11,3,0.833333333,216,0.666666667,0,0.25,0.41666666700000005,0,0,41.6,14,3.2,1
44,synapse,1.0,org.apache.synapse.core.axis2.SynapseMessageReceiver,4,1,1,18,40,4,2,16,2,0.833333333,192,0.5,0,0.0,0.444444444,0,0,46.5,1,0.5,0
45,synapse,1.0,org.apache.synapse.core.axis2.Axis2Sender,6,1,0,20,37,13,1,19,3,0.7,123,0.5,0,0.0,0.28,0,0,19.16666667,8,1.8333,0
46,synapse,1.0,org.apache.synapse.mediators.base.SequenceMediator,17,3,0,23,54,76,10,13,14,0.868055556,377,0.8888888890000001,0,0.482758621,0.3,3,3,20.64705882,24,2.2353,0
47,synapse,1.0,org.apache.synapse.config.xml.RegistryFactory,7,1,0,7,29,11,1,6,2,0.7,175,0.2,0,0.0,0.26666666699999997,0,0,23.28571429,4,1.2857,0
48,synapse,1.0,org.apache.synapse.mediators.builtin.DropMediator,4,2,0,8,18,4,2,6,2,0.7777777779999999,71,0.666666667,0,0.75,0.444444444,0,0,16.0,5,1.5,0
49,synapse,1.0,org.apache.synapse.config.xml.OutMediatorSerializer,6,3,0,10,23,13,0,10,3,0.8666666670000001,87,0.333333333,0,0.692307692,0.4,1,2,13.0,3,1.1667,0
50,synapse,1.0,org.apache.synapse.MessageContext,47,1,0,56,47,1081,51,9,47,2.0,47,0.0,0,0.0,0.13926499,0,0,0.0,1,1.0,0
51,synapse,1.0,org.apache.synapse.mediators.AbstractListMediator,10,2,7,13,32,0,7,6,8,0.703703704,123,0.666666667,0,0.428571429,0.27777777800000003,0,0,11.0,2,0.9,0
52,synapse,1.0,org.apache.synapse.endpoints.AddressEndpoint,15,2,0,13,48,63,3,10,13,0.830357143,295,0.875,2,0.235294118,0.255102041,1,1,18.13333333,12,2.0,1
53,synapse,1.0,org.apache.synapse.mediators.MediatorFaultHandler,6,2,0,10,13,1,4,6,4,0.7333333329999999,55,0.666666667,1,0.5,0.4,1,1,7.666666667,1,0.6667,0
54,synapse,1.0,org.apache.synapse.core.axis2.SynapseModule,9,1,0,24,61,30,0,24,6,0.9375,274,0.75,0,0.0,0.267857143,0,0,29.0,2,0.8889,0
55,synapse,1.0,org.apache.synapse.core.axis2.DynamicAxisOperation,3,5,0,6,6,3,2,5,3,2.0,18,0.0,0,0.9896907220000001,0.5,0,0,5.0,1,0.3333,0
56,synapse,1.0,org.apache.synapse.config.xml.MediatorSerializer,2,1,0,7,2,1,5,2,2,2.0,2,0.0,0,0.0,0.666666667,0,0,0.0,1,1.0,0
57,synapse,1.0,org.apache.synapse.statistics.impl.EndPointStatisticsStack,5,1,0,6,26,0,4,3,5,0.25,288,1.0,0,0.0,0.6,0,0,56.2,9,4.2,0
58,synapse,1.0,org.apache.synapse.config.xml.ClassMediatorFactory,5,2,0,9,28,6,0,9,3,0.833333333,106,0.666666667,0,0.25,0.41666666700000005,0,0,19.6,2,0.8,0
59,synapse,1.0,org.apache.synapse.config.xml.SwitchMediatorSerializer,6,2,0,15,35,13,0,15,3,0.8666666670000001,173,0.333333333,0,0.6,0.4,1,2,27.33333333,8,2.0,0
60,synapse,1.0,org.apache.synapse.config.xml.LogMediatorSerializer,6,2,0,11,27,13,0,11,3,0.8666666670000001,130,0.333333333,0,0.6,0.4,1,2,20.16666667,8,2.0,0
61,synapse,1.0,org.apache.synapse.mediators.transform.FaultMediator,27,2,0,29,92,213,2,27,18,0.8873626370000001,596,0.7142857140000001,0,0.193548387,0.19615384600000002,0,0,20.55555556,11,2.3704,2
62,synapse,1.0,org.apache.synapse.mediators.base.SynapseMediator,4,3,0,12,25,4,3,9,2,0.7777777779999999,105,0.666666667,0,0.875,0.444444444,2,2,24.5,7,2.0,0
63,synapse,1.0,org.apache.synapse.statistics.StatisticsUtils,6,1,0,14,22,15,5,9,5,2.0,146,0.0,0,0.0,0.5,0,0,23.33333333,4,2.3333,0
64,synapse,1.0,org.apache.synapse.config.Entry,26,1,0,16,34,257,12,4,23,0.956923077,196,0.615384615,1,0.0,0.194285714,0,0,6.038461538,3,1.2692,0
65,synapse,1.0,org.apache.synapse.config.xml.ValidateMediatorSerializer,6,3,0,14,35,13,0,14,3,0.8666666670000001,142,0.333333333,0,0.692307692,0.4,1,2,22.16666667,5,1.5,0
66,synapse,1.0,org.apache.synapse.mediators.AbstractMediator,7,1,11,13,14,0,11,2,7,0.5,73,1.0,0,0.0,0.523809524,0,0,9.142857142999999,4,1.4286,0
67,synapse,1.0,org.apache.synapse.endpoints.utils.EndpointDefinition,29,1,0,12,30,322,12,0,29,0.9285714290000001,186,1.0,0,0.0,0.29655172399999996,0,0,4.931034483,1,0.9655,0
68,synapse,1.0,org.apache.synapse.config.xml.endpoints.AddressEndpointSerializer,6,1,0,15,38,7,1,14,3,0.7333333329999999,336,0.666666667,0,0.0,0.35,0,0,54.5,18,4.0,1
69,synapse,1.0,org.apache.synapse.config.xml.SequenceMediatorSerializer,7,3,0,12,32,17,1,11,4,0.8888888890000001,228,0.333333333,0,0.642857143,0.36666666700000006,1,2,31.14285714,10,2.8571,0
70,synapse,1.0,org.apache.synapse.mediators.FilterMediator,1,1,0,5,1,0,3,2,1,2.0,1,0.0,0,0.0,1.0,0,0,0.0,1,1.0,0
71,synapse,1.0,org.apache.synapse.config.xml.LogMediatorFactory,5,2,0,8,20,8,0,8,3,1.107142857,116,0.857142857,0,0.25,0.41666666700000005,0,0,20.8,7,1.8,0
72,synapse,1.0,org.apache.synapse.config.xml.endpoints.WSDLEndpointFactory,9,1,0,14,68,28,1,13,3,0.75,545,0.666666667,1,0.0,0.23214285699999998,0,0,59.22222222,25,5.2222,0
73,synapse,1.0,org.apache.synapse.config.xml.AbstractListMediatorFactory,4,2,7,15,21,4,7,8,1,0.833333333,71,0.5,0,0.333333333,0.333333333,0,0,16.25,3,1.0,0
74,synapse,1.0,org.apache.synapse.config.Util,10,1,0,14,48,33,7,7,6,0.666666667,264,0.5,0,0.0,0.222222222,0,0,25.2,4,1.4,0
75,synapse,1.0,org.apache.synapse.config.xml.RMSequenceMediatorFactory,5,2,0,11,33,6,0,11,3,0.833333333,289,0.666666667,0,0.25,0.41666666700000005,0,0,56.2,19,4.2,0
76,synapse,1.0,org.apache.synapse.statistics.impl.ProxyServiceStatisticsStack,8,1,0,8,21,16,3,5,5,0.625,158,0.875,0,0.0,0.514285714,0,0,17.75,5,1.75,0
77,synapse,1.0,org.apache.synapse.config.xml.XSLTMediatorSerializer,6,2,0,12,31,13,0,12,3,0.8666666670000001,129,0.333333333,0,0.6,0.4,1,2,20.0,6,1.6667,0
78,synapse,1.0,org.apache.synapse.mediators.MediatorProperty,9,1,0,9,12,26,6,3,8,0.9285714290000001,70,0.428571429,0,0.0,0.375,0,0,6.0,1,0.7778,0
79,synapse,1.0,org.apache.synapse.registry.url.URLRegistryEntry,18,1,0,2,25,87,1,1,18,0.852941176,200,1.0,0,0.0,0.36111111100000004,0,0,9.666666667000001,1,0.9444,0
80,synapse,1.0,org.apache.synapse.config.xml.endpoints.EndpointAbstractSerializer,2,1,0,18,15,1,6,15,2,2.0,63,0.0,0,0.0,0.5,0,0,30.5,7,3.5,0
81,synapse,1.0,org.apache.synapse.core.axis2.ProxyServiceMessageReceiver,5,2,0,20,59,2,1,20,3,0.75,491,0.75,0,0.4,0.5,1,1,96.4,1,0.6,0
82,synapse,1.0,org.apache.synapse.endpoints.IndirectEndpoint,13,1,0,9,32,30,3,6,10,0.833333333,197,0.857142857,2,0.0,0.36666666700000006,0,0,13.61538462,5,1.4615,0
83,synapse,1.0,org.apache.synapse.metrics.Constants,2,1,0,2,3,1,2,0,1,1.0,12,0.0,0,0.0,1.0,0,0,4.0,0,0.0,0
84,synapse,1.0,org.apache.synapse.config.xml.MediatorFactoryFinder,11,1,0,13,44,7,3,10,5,0.918181818,525,0.181818182,1,0.0,0.28,0,0,44.72727273,5,1.5455,0
85,synapse,1.0,org.apache.synapse.SynapseServer,6,1,0,8,47,13,0,8,3,0.8,257,0.5,0,0.0,0.2,0,0,41.5,6,1.5,1
86,synapse,1.0,org.apache.synapse.mediators.GetPropertyFunction,7,1,0,12,36,3,1,12,5,0.666666667,275,0.666666667,1,0.0,0.261904762,0,0,37.85714286,22,3.7143,2
87,synapse,1.0,org.apache.synapse.mediators.filters.FilterMediator,11,3,0,11,36,17,2,9,9,0.7333333329999999,267,0.833333333,0,0.608695652,0.3,2,2,22.72727273,8,1.9091,0
88,synapse,1.0,org.apache.synapse.config.xml.MediatorFactory,2,1,0,4,2,1,2,2,2,2.0,2,0.0,0,0.0,0.75,0,0,0.0,1,1.0,0
89,synapse,1.0,org.apache.synapse.mediators.ListMediator,6,1,0,11,6,15,10,1,6,2.0,6,0.0,0,0.0,0.45833333299999995,0,0,0.0,1,1.0,0
90,synapse,1.0,org.apache.synapse.config.xml.DropMediatorSerializer,6,2,0,10,21,13,0,10,3,0.8666666670000001,83,0.333333333,0,0.6,0.4,1,2,12.33333333,3,1.1667,0
91,synapse,1.0,org.apache.synapse.metrics.Counter,3,1,0,2,4,0,2,0,3,0.0,20,1.0,0,0.0,1.0,0,0,5.333333333,1,0.6667,0
92,synapse,1.0,org.apache.synapse.SynapseException,3,4,0,88,6,3,88,0,3,1.5,17,1.0,0,1.0,0.7777777779999999,0,0,4.333333333,0,0.0,0
93,synapse,1.0,org.apache.synapse.core.axis2.MessageContextCreatorForAxis2,6,1,0,13,14,5,3,10,4,0.75,65,0.75,2,0.0,0.2,0,0,9.166666667000001,1,0.6667,0
94,synapse,1.0,org.apache.synapse.FaultHandler,5,1,3,14,17,10,13,2,4,2.0,88,0.0,0,0.0,0.45,0,0,16.6,5,2.0,0
95,synapse,1.0,org.apache.synapse.statistics.StatisticsCollector,10,1,0,8,19,9,7,1,10,0.666666667,157,1.0,0,0.0,0.475,0,0,14.4,2,1.2,0
96,synapse,1.0,org.apache.synapse.config.xml.endpoints.EndpointAbstractFactory,2,1,0,14,14,1,7,10,2,2.0,91,0.0,0,0.0,0.5,0,0,44.5,7,3.5,0
97,synapse,1.0,org.apache.synapse.config.xml.PropertyMediatorSerializer,6,2,0,12,30,13,0,12,3,0.8666666670000001,161,0.333333333,0,0.6,0.4,1,2,25.33333333,9,2.1667,0
98,synapse,1.0,org.apache.synapse.config.xml.Constants,1,1,0,4,2,0,4,0,0,2.0,88,0.0,0,0.0,0.0,0,0,49.0,0,0.0,0
99,synapse,1.0,org.apache.synapse.metrics.GlobalRequestCountHandler,2,2,0,7,9,1,0,7,2,2.0,20,0.0,0,0.875,0.75,0,0,9.0,1,0.5,0
100,synapse,1.0,org.apache.synapse.config.xml.endpoints.IndirectEndpointSerializer,2,1,0,11,8,0,1,10,2,0.0,42,1.0,0,0.0,0.75,0,0,19.5,3,1.5,0
101,synapse,1.0,org.apache.synapse.config.xml.SynapseMediatorFactory,4,3,0,5,9,4,0,5,3,0.666666667,30,1.0,0,0.6,0.666666667,0,0,6.25,1,0.5,0
102,synapse,1.0,org.apache.synapse.core.axis2.Axis2SynapseEnvironment,9,1,0,17,39,30,1,16,7,0.90625,216,0.75,2,0.0,0.25,0,0,22.55555556,6,1.3333,1
103,synapse,1.0,org.apache.synapse.statistics.StatisticsHolder,9,1,0,2,12,22,1,1,9,0.8125,75,1.0,2,0.0,0.288888889,0,0,6.8888888889999995,4,1.2222,0
104,synapse,1.0,org.apache.synapse.config.xml.endpoints.SALoadbalanceEndpointFactory,9,1,0,17,42,28,1,17,3,0.791666667,210,0.666666667,1,0.0,0.23214285699999998,0,0,22.0,6,1.5556,0
105,synapse,1.0,org.apache.synapse.config.xml.SwitchCase,9,1,0,7,23,16,3,4,7,0.8125,94,0.75,1,0.0,0.3,0,0,9.0,2,1.0,0
106,synapse,1.0,org.apache.synapse.config.xml.FilterMediatorFactory,5,3,0,12,31,6,0,12,3,0.833333333,228,0.666666667,0,0.5,0.41666666700000005,1,1,44.0,10,2.4,0
107,synapse,1.0,org.apache.synapse.endpoints.dispatch.SimpleClientSessionDispatcher,5,1,0,8,17,0,2,6,5,0.25,124,1.0,0,0.0,0.6,0,0,23.6,5,3.0,0
108,synapse,1.0,org.apache.synapse.config.xml.FaultMediatorSerializer,6,2,0,13,40,13,0,13,3,1.0,254,0.6,0,0.6,0.4,1,2,40.5,12,2.6667,0
109,synapse,1.0,org.apache.synapse.config.xml.ProxyServiceSerializer,5,1,0,17,61,6,1,16,2,0.75,522,0.8,0,0.0,0.3125,0,0,102.4,30,6.4,0
110,synapse,1.0,org.apache.synapse.endpoints.dispatch.SoapSessionDispatcher,5,1,0,8,18,0,2,6,5,0.25,143,1.0,0,0.0,0.6,0,0,27.4,5,3.0,0
111,synapse,1.0,org.apache.synapse.config.xml.endpoints.utils.WSDL11EndpointBuilder,7,1,0,6,34,19,1,5,3,0.666666667,187,0.5,0,0.0,0.45833333299999995,0,0,25.42857143,10,2.0,0
112,synapse,1.0,org.apache.synapse.mediators.filters.SwitchMediator,10,2,0,9,36,11,2,7,8,0.796296296,227,0.833333333,1,0.428571429,0.288888889,0,0,21.1,12,1.9,0
113,synapse,1.0,org.apache.synapse.mediators.builtin.RMSequenceMediator,18,2,0,17,62,103,2,15,11,0.9090909090000001,459,0.9090909090000001,0,0.272727273,0.294117647,0,0,23.88888889,13,2.0556,0
114,synapse,1.0,org.apache.synapse.config.xml.EntryFactory,6,1,0,11,32,13,1,10,3,0.7,141,0.5,0,0.0,0.3,0,0,22.16666667,6,1.6667,0
115,synapse,1.0,org.apache.synapse.config.xml.MediatorSerializerFinder,7,1,0,8,31,3,2,6,2,0.916666667,383,0.181818182,1,0.0,0.333333333,0,0,50.57142857,3,1.1429,0
116,synapse,1.0,org.apache.synapse.registry.url.SimpleURLRegistry,12,2,0,10,67,52,0,10,8,0.848484848,589,0.666666667,0,0.375,0.363636364,2,4,47.83333333,8,2.25,0
117,synapse,1.0,org.apache.synapse.config.xml.endpoints.WSDLEndpointSerializer,6,1,0,15,39,7,1,14,3,0.8,335,0.666666667,0,0.0,0.32,0,0,54.33333333,15,4.1667,0
118,synapse,1.0,org.apache.synapse.config.SynapseConfigurationBuilder,6,1,0,10,28,9,1,9,3,0.8,113,0.5,0,0.0,0.333333333,0,0,17.5,1,0.6667,0
119,synapse,1.0,org.apache.synapse.metrics.MetricsAggregatorModule,6,1,0,11,13,15,0,11,6,2.0,35,0.0,0,0.0,0.36111111100000004,0,0,4.833333333,1,0.8333,0
120,synapse,1.0,org.apache.synapse.config.xml.HeaderMediatorFactory,5,2,0,12,39,6,0,12,3,0.833333333,224,0.666666667,0,0.25,0.41666666700000005,0,0,43.2,13,3.0,0
121,synapse,1.0,org.apache.synapse.config.xml.endpoints.SALoadbalanceEndpointSerializer,5,1,0,20,29,6,1,20,2,0.75,193,0.666666667,0,0.0,0.5,0,0,37.0,8,2.0,0
122,synapse,1.0,org.apache.synapse.mediators.ext.ClassMediator,10,2,0,11,48,7,2,9,7,0.759259259,312,0.666666667,0,0.428571429,0.222222222,0,0,29.6,6,1.8,0
123,synapse,1.0,org.apache.synapse.config.xml.endpoints.LoadbalanceEndpointFactory,9,1,0,13,39,28,1,13,3,0.833333333,171,0.666666667,1,0.0,0.23214285699999998,0,0,17.66666667,5,1.4444,0
124,synapse,1.0,org.apache.synapse.statistics.StatisticsStack,4,1,0,7,4,6,6,1,4,2.0,4,0.0,0,0.0,0.7,0,0,0.0,1,1.0,0
125,synapse,1.0,org.apache.synapse.config.xml.OMElementUtils,5,1,0,16,24,8,9,7,3,0.875,103,0.5,0,0.0,0.35,0,0,19.2,4,1.2,0
126,synapse,1.0,org.apache.synapse.config.xml.XSLTMediatorFactory,7,2,0,12,30,7,0,12,3,0.7777777779999999,128,0.666666667,0,0.166666667,0.41666666700000005,0,0,16.85714286,3,1.0,0
127,synapse,1.0,org.apache.synapse.config.xml.EntrySerializer,5,1,0,13,26,6,1,12,2,0.75,145,0.8,0,0.0,0.3125,0,0,27.0,6,1.6,0
128,synapse,1.0,org.apache.synapse.core.SynapseEnvironment,5,1,0,13,5,10,11,3,5,2.0,5,0.0,0,0.0,0.45,0,0,0.0,1,1.0,1
129,synapse,1.0,org.apache.synapse.core.axis2.Axis2FlexibleMEPClient,10,1,0,38,108,39,1,37,3,0.833333333,604,0.5,0,0.0,0.19047619,0,0,59.2,6,2.2,4
130,synapse,1.0,org.apache.synapse.mediators.filters.InMediator,5,3,0,7,17,8,2,5,3,0.833333333,93,0.666666667,0,0.8235294120000001,0.5,2,2,17.0,6,1.8,0
131,synapse,1.0,org.apache.synapse.config.xml.endpoints.utils.LoadbalanceAlgorithmFactory,2,1,0,6,8,1,2,4,2,2.0,33,0.0,0,0.0,0.5,0,0,15.5,3,1.5,0
132,synapse,1.0,org.apache.synapse.endpoints.FailoverEndpoint,10,1,0,7,22,11,3,4,10,0.622222222,169,1.0,2,0.0,0.316666667,0,0,15.4,7,1.9,0
133,synapse,1.0,org.apache.synapse.config.xml.AnonymousListMediatorSerializer,5,3,0,8,18,8,1,7,2,0.75,61,0.5,0,0.75,0.3125,1,2,10.8,2,0.8,0
134,synapse,1.0,org.apache.synapse.registry.RegistryEntry,8,1,0,4,8,28,4,0,8,2.0,8,0.0,0,0.0,1.0,0,0,0.0,1,1.0,0
135,synapse,1.0,org.apache.synapse.config.xml.ValidateMediatorFactory,7,3,0,13,35,7,0,13,3,0.80952381,203,0.857142857,0,0.375,0.41666666700000005,1,1,27.0,9,1.8571,0
136,synapse,1.0,org.apache.synapse.config.xml.FilterMediatorSerializer,6,3,0,12,31,13,0,12,3,0.8666666670000001,141,0.333333333,0,0.692307692,0.4,1,2,22.0,6,1.6667,0
137,synapse,1.0,org.apache.synapse.mediators.builtin.PropertyMediator,15,2,0,10,44,47,2,8,12,0.8857142859999999,479,0.7,0,0.31578947399999996,0.3,0,0,30.26666667,27,2.6,1
138,synapse,1.0,org.apache.synapse.config.xml.MediatorPropertyFactory,4,1,0,13,31,4,4,9,2,0.833333333,185,0.5,0,0.0,0.333333333,0,0,44.75,11,3.0,0
139,synapse,1.0,org.apache.synapse.config.xml.endpoints.AddressEndpointFactory,9,1,0,11,58,28,1,10,4,0.75,465,0.666666667,1,0.0,0.25,0,0,50.33333333,30,4.5556,1
140,synapse,1.0,org.apache.synapse.endpoints.Endpoint,7,1,0,43,7,21,43,1,7,2.0,7,0.0,0,0.0,0.428571429,0,0,0.0,1,1.0,0
141,synapse,1.0,org.apache.synapse.endpoints.LoadbalanceEndpoint,14,1,0,8,27,35,3,5,14,0.7435897440000001,165,1.0,2,0.0,0.255102041,0,0,10.35714286,5,1.5714,0
142,synapse,1.0,org.apache.synapse.config.xml.RegistrySerializer,5,1,0,11,27,6,1,10,2,0.75,120,0.8,0,0.0,0.3125,0,0,22.0,4,1.2,0
143,synapse,1.0,org.apache.synapse.config.xml.endpoints.LoadbalanceEndpointSerializer,2,1,0,14,16,0,1,14,2,0.0,102,1.0,0,0.0,0.75,0,0,49.5,6,3.0,0
144,synapse,1.0,org.apache.synapse.util.UUIDGenerator,5,1,0,3,32,4,3,0,2,0.65,198,0.8,0,0.0,0.25,0,0,37.6,5,2.0,0
145,synapse,1.0,org.apache.synapse.core.axis2.Axis2MessageContext,60,1,0,45,147,490,17,29,56,0.898305085,867,0.9090909090000001,2,0.0,0.103954802,0,0,13.26666667,10,1.4667,1
146,synapse,1.0,org.apache.synapse.mediators.builtin.ValidateMediator,16,3,0,17,88,56,3,15,10,0.848484848,595,0.9090909090000001,1,0.5,0.257142857,2,2,35.5,9,2.125,0
147,synapse,1.0,org.apache.synapse.Mediator,4,1,0,55,4,6,55,1,4,2.0,4,0.0,0,0.0,0.5,0,0,0.0,1,1.0,0
148,synapse,1.0,org.apache.synapse.config.xml.AnonymousListMediatorFactory,4,3,0,7,11,6,1,6,2,1.0,39,0.5,0,0.6,0.333333333,1,1,8.25,1,0.5,0
149,synapse,1.0,org.apache.synapse.config.xml.InMediatorSerializer,6,3,0,10,23,13,0,10,3,0.8666666670000001,87,0.333333333,0,0.692307692,0.4,1,2,13.0,3,1.1667,0
150,synapse,1.0,org.apache.synapse.config.xml.RMSequenceMediatorSerializer,6,2,0,12,30,13,0,12,3,0.8666666670000001,167,0.333333333,0,0.6,0.4,1,2,26.33333333,11,2.5,0
151,synapse,1.0,org.apache.synapse.registry.Registry,8,1,0,10,8,28,7,3,8,2.0,8,0.0,0,0.0,0.4375,0,0,0.0,1,1.0,0
152,synapse,1.0,org.apache.synapse.endpoints.algorithms.RoundRobin,3,1,0,6,7,0,3,3,3,0.25,76,1.0,0,0.0,0.5555555560000001,0,0,23.66666667,4,1.6667,0
153,synapse,1.0,org.apache.synapse.core.axis2.ProxyService,54,1,0,34,136,1269,8,28,50,0.959468903,806,0.9259259259999999,4,0.0,0.11901306199999999,0,0,13.42592593,23,1.3704,0
154,synapse,1.0,org.apache.synapse.config.xml.SynapseMediatorSerializer,6,3,0,10,23,13,0,10,3,0.8666666670000001,87,0.333333333,0,0.692307692,0.4,1,2,13.0,3,1.1667,0
155,synapse,1.0,org.apache.synapse.config.xml.HeaderMediatorSerializer,6,2,0,12,34,13,0,12,3,0.8666666670000001,190,0.333333333,0,0.6,0.4,1,2,30.16666667,10,2.3333,0
156,synapse,1.0,org.apache.synapse.core.axis2.SynapseCallbackReceiver,7,1,0,34,96,9,2,32,3,0.833333333,527,0.75,0,0.0,0.36111111100000004,0,0,73.71428571,20,4.2857,1
0,synapse,1.1,org.apache.synapse.registry.AbstractRegistry,7,1,1,10,38,13,1,9,5,0.75,230,1.0,0,0.0,0.375,0,0,31.57142857,20,3.4286,0
1,synapse,1.1,org.apache.synapse.core.SynapseEnvironment,9,1,0,25,9,36,22,4,9,2.0,9,0.0,0,0.0,0.296296296,0,0,0.0,1,1.0,1
2,synapse,1.1,org.apache.synapse.config.xml.XSLTMediatorSerializer,3,2,0,11,31,3,0,11,3,2.0,142,0.0,0,0.75,0.5555555560000001,0,0,46.33333333,10,3.6667,0
3,synapse,1.1,org.apache.synapse.metrics.GlobalRequestCountHandler,2,2,0,7,9,1,0,7,2,2.0,20,0.0,0,0.875,0.75,0,0,9.0,1,0.5,0
4,synapse,1.1,org.apache.synapse.mediators.builtin.PropertyMediator,12,2,0,10,37,14,2,8,12,0.8311688309999999,390,0.7142857140000001,0,0.541666667,0.3,0,0,30.91666667,30,3.3333,0
5,synapse,1.1,org.apache.synapse.config.xml.endpoints.FailoverEndpointSerializer,2,1,0,12,14,0,1,12,2,0.0,77,1.0,0,0.0,0.75,0,0,37.0,4,2.0,1
6,synapse,1.1,org.apache.synapse.config.xml.endpoints.WSDLEndpointFactory,8,1,0,14,65,20,1,13,3,0.571428571,552,1.0,1,0.0,0.244897959,0,0,67.75,26,5.875,2
7,synapse,1.1,org.apache.synapse.config.xml.OutMediatorSerializer,3,3,0,7,15,3,0,7,3,2.0,46,0.0,0,0.7777777779999999,0.5555555560000001,0,0,14.33333333,3,1.3333,0
8,synapse,1.1,org.apache.synapse.mediators.db.DBLookupMediator,2,3,0,5,28,1,3,3,1,2.0,156,0.0,0,0.962962963,0.666666667,2,5,77.0,5,2.5,0
9,synapse,1.1,org.apache.synapse.statistics.Statistics,7,1,0,1,8,0,1,0,7,0.7222222220000001,104,1.0,0,0.0,0.428571429,0,0,13.0,5,1.4286,0
10,synapse,1.1,org.apache.synapse.mediators.AbstractListMediator,10,2,7,14,35,0,7,7,10,0.0,173,1.0,0,0.590909091,0.283333333,0,0,16.2,3,1.5,0
11,synapse,1.1,org.apache.synapse.mediators.eip.EIPUtils,5,1,0,11,18,10,2,9,4,1.0,126,1.0,0,0.0,0.583333333,0,0,24.0,1,0.6,0
12,synapse,1.1,org.apache.synapse.ManagedLifecycle,2,1,0,9,2,1,8,1,2,2.0,2,0.0,0,0.0,0.75,0,0,0.0,1,1.0,0
13,synapse,1.1,org.apache.synapse.statistics.StatisticsStack,4,1,0,7,4,6,6,1,4,2.0,4,0.0,0,0.0,0.7,0,0,0.0,1,1.0,0
14,synapse,1.1,org.apache.synapse.config.SynapseConfigurationBuilder,6,1,0,10,35,3,1,9,3,0.4,145,1.0,0,0.0,0.25,0,0,23.0,3,1.0,0
15,synapse,1.1,org.apache.synapse.config.xml.endpoints.utils.WSDL20EndpointBuilder,1,1,0,0,2,0,0,0,1,2.0,4,0.0,0,0.0,1.0,0,0,3.0,0,0.0,0
16,synapse,1.1,org.apache.synapse.config.Entry,26,1,0,16,31,245,12,4,24,0.943333333,193,0.666666667,1,0.0,0.194285714,0,0,5.961538462,4,1.3462,0
17,synapse,1.1,org.apache.synapse.config.xml.SequenceMediatorSerializer,4,3,0,11,24,4,3,8,4,2.0,188,0.0,0,0.7,0.5,0,0,46.0,10,4.25,0
18,synapse,1.1,org.apache.synapse.util.SimpleMap,22,1,0,2,22,231,2,0,22,2.0,22,0.0,0,0.0,0.204545455,0,0,0.0,1,1.0,0
19,synapse,1.1,org.apache.synapse.config.xml.MediatorPropertyFactory,3,1,0,11,27,1,2,9,2,0.5,166,1.0,0,0.0,0.5,0,0,54.0,11,3.6667,0
20,synapse,1.1,org.apache.synapse.endpoints.dispatch.SimpleClientSessionDispatcher,5,1,0,8,17,0,2,6,5,0.25,124,1.0,0,0.0,0.6,0,0,23.6,5,3.0,0
21,synapse,1.1,org.apache.synapse.mediators.filters.SwitchMediator,8,2,0,9,32,0,2,7,8,0.571428571,219,1.0,1,0.65,0.375,0,0,26.0,15,2.625,0
22,synapse,1.1,org.apache.synapse.metrics.Counter,3,1,0,2,4,0,2,0,3,0.0,20,1.0,0,0.0,1.0,0,0,5.333333333,1,0.6667,0
23,synapse,1.1,org.apache.synapse.config.xml.endpoints.FailoverEndpointFactory,8,1,0,10,29,20,1,10,3,0.7142857140000001,125,1.0,1,0.0,0.244897959,0,0,14.375,3,1.25,1
24,synapse,1.1,org.apache.synapse.mediators.eip.aggregator.Aggregate,16,1,0,4,29,58,1,3,15,0.8583333329999999,199,1.0,0,0.0,0.27777777800000003,0,0,10.9375,9,1.5625,2
25,synapse,1.1,org.apache.synapse.SynapseServer,6,1,0,4,18,13,1,4,3,0.8,57,1.0,0,0.0,0.2,0,0,8.333333332999999,1,0.6667,0
26,synapse,1.1,org.apache.synapse.config.xml.EntryFactory,5,1,0,11,28,8,1,10,3,0.25,122,1.0,0,0.0,0.3125,0,0,23.2,6,1.8,0
27,synapse,1.1,org.apache.synapse.statistics.StatisticsCollector,10,1,0,8,19,9,7,1,10,0.666666667,157,1.0,0,0.0,0.475,0,0,14.4,2,1.2,0
28,synapse,1.1,org.apache.synapse.config.xml.MediatorSerializer,2,1,0,8,2,1,6,2,2,2.0,2,0.0,0,0.0,0.666666667,0,0,0.0,1,1.0,0
29,synapse,1.1,org.apache.synapse.config.xml.endpoints.EndpointFactory,1,1,0,15,1,0,12,3,1,2.0,1,0.0,0,0.0,1.0,0,0,0.0,1,1.0,1
30,synapse,1.1,org.apache.synapse.mediators.ListMediator,6,1,0,11,6,15,10,1,6,2.0,6,0.0,0,0.0,0.45833333299999995,0,0,0.0,1,1.0,0
31,synapse,1.1,org.apache.synapse.config.xml.SequenceMediatorFactory,5,3,0,12,19,6,4,8,4,0.75,159,1.0,0,0.571428571,0.75,0,0,30.6,9,3.2,0
32,synapse,1.1,org.apache.synapse.statistics.impl.SequenceStatisticsStack,6,1,0,6,22,0,4,3,5,0.0,154,1.0,0,0.0,0.5,0,0,24.5,7,3.0,0
33,synapse,1.1,org.apache.synapse.config.xml.CacheMediatorFactory,5,2,0,9,38,4,0,9,3,0.8125,318,1.0,0,0.5,0.5,0,0,60.2,22,5.4,0
34,synapse,1.1,org.apache.synapse.config.xml.ValidateMediatorSerializer,3,3,0,12,29,3,0,12,3,2.0,151,0.0,0,0.7777777779999999,0.5555555560000001,0,0,49.33333333,9,3.3333,0
35,synapse,1.1,org.apache.synapse.util.concurrent.SynapseThreadPool,3,3,0,2,8,3,1,1,3,1.5,60,0.0,0,1.0,0.5555555560000001,0,0,15.0,0,0.0,0
36,synapse,1.1,org.apache.synapse.core.axis2.ProxyService,53,1,0,37,144,1172,9,30,47,0.9415680470000001,1164,0.961538462,4,0.0,0.134615385,0,0,20.47169811,39,1.8302,4
37,synapse,1.1,org.apache.synapse.config.xml.FaultMediatorSerializer,3,2,0,10,32,3,0,10,3,1.5,212,1.0,0,0.75,0.5555555560000001,0,0,69.0,12,4.3333,1
38,synapse,1.1,org.apache.synapse.config.xml.AbstractMediatorFactory,5,1,17,24,18,10,17,7,0,1.0,142,1.0,0,0.0,0.45,0,0,24.8,5,1.4,0
39,synapse,1.1,org.apache.synapse.mediators.eip.Target,14,1,0,15,26,29,8,7,14,0.7692307690000001,159,1.0,2,0.0,0.3,0,0,9.928571429,10,1.5714,0
40,synapse,1.1,org.apache.synapse.config.xml.endpoints.LoadbalanceEndpointFactory,8,1,0,13,35,20,1,13,3,0.7142857140000001,152,1.0,1,0.0,0.244897959,0,0,17.75,5,1.5,1
41,synapse,1.1,org.apache.synapse.config.xml.XMLConfigConstants,2,1,0,6,4,1,6,0,1,1.692307692,80,0.0,0,0.0,1.0,0,0,26.0,0,0.0,0
42,synapse,1.1,org.apache.synapse.util.UUIDGenerator,4,1,0,4,31,0,4,0,2,0.5,179,1.0,0,0.0,0.333333333,0,0,42.75,4,2.0,0
43,synapse,1.1,org.apache.synapse.config.xml.AbstractDBMediatorSerializer,2,2,2,14,30,1,2,12,1,2.0,377,0.0,0,0.857142857,0.666666667,0,0,187.5,25,12.5,0
44,synapse,1.1,org.apache.synapse.core.axis2.SynapseMessageReceiver,5,1,1,21,47,0,2,19,2,0.25,242,1.0,0,0.0,0.5,0,0,47.0,4,1.6,0
45,synapse,1.1,org.apache.synapse.core.axis2.SynapseStartUpServlet,8,3,0,3,30,26,0,3,4,0.857142857,208,1.0,0,0.806451613,0.46428571399999996,3,4,24.875,8,1.625,0
46,synapse,1.1,org.apache.synapse.config.xml.OutMediatorFactory,4,3,0,5,9,4,0,5,3,0.666666667,30,1.0,0,0.666666667,0.666666667,0,0,6.25,1,0.5,0
47,synapse,1.1,org.apache.synapse.core.axis2.AnonymousServiceFactory,6,1,0,17,32,11,1,16,2,1.044444444,244,0.7777777779999999,1,0.0,0.333333333,0,0,38.16666667,13,2.8333,1
48,synapse,1.1,org.apache.synapse.MessageContext,48,1,0,71,48,1128,65,10,48,2.0,48,0.0,0,0.0,0.138257576,0,0,0.0,1,1.0,0
49,synapse,1.1,org.apache.synapse.config.xml.endpoints.AddressEndpointFactory,8,1,0,11,56,20,1,10,4,0.7142857140000001,468,1.0,1,0.0,0.261904762,0,0,57.0,31,5.125,3
50,synapse,1.1,org.apache.synapse.core.axis2.SynapseAxisServlet,3,4,0,4,13,1,0,4,3,2.0,35,0.0,0,0.9642857140000001,0.5555555560000001,1,6,10.66666667,1,0.6667,2
51,synapse,1.1,org.apache.synapse.config.xml.ValidateMediatorFactory,4,3,0,10,30,2,0,10,3,0.666666667,226,1.0,0,0.666666667,0.666666667,0,0,54.75,16,4.25,0
52,synapse,1.1,org.apache.synapse.startup.quartz.SimpleQuartzJob,5,1,0,12,31,0,0,12,2,1.0,132,0.25,0,0.0,0.5,0,0,24.6,1,0.6,0
53,synapse,1.1,org.apache.synapse.core.axis2.Axis2MessageContext,61,1,0,55,154,540,26,30,58,0.8939393940000001,940,1.0,2,0.0,0.097916667,0,0,14.2295082,10,1.5574,0
54,synapse,1.1,org.apache.synapse.startup.quartz.SimpleQuartz,15,2,0,16,50,59,2,15,14,0.875,231,0.875,0,0.133333333,0.23809523800000001,0,0,13.86666667,3,1.0667,0
55,synapse,1.1,org.apache.synapse.core.axis2.Axis2SynapseEnvironment,12,1,0,29,64,38,1,28,11,0.818181818,394,1.0,2,0.0,0.238636364,0,0,31.33333333,11,2.0833,3
56,synapse,1.1,org.apache.synapse.config.xml.OMElementUtils,4,1,0,22,21,4,13,9,3,0.666666667,112,1.0,0,0.0,0.4,0,0,26.75,5,2.25,0
57,synapse,1.1,org.apache.synapse.config.xml.IterateMediatorFactory,4,2,0,12,29,2,0,12,3,0.666666667,169,1.0,0,0.6,0.666666667,0,0,40.0,8,2.25,0
58,synapse,1.1,org.apache.synapse.mediators.FilterMediator,1,1,0,5,1,0,3,2,1,2.0,1,0.0,0,0.0,1.0,0,0,0.0,1,1.0,0
59,synapse,1.1,org.apache.synapse.statistics.impl.EndPointStatisticsStack,5,1,0,6,26,0,4,3,5,0.25,288,1.0,0,0.0,0.6,0,0,56.2,9,4.2,0
60,synapse,1.1,org.apache.synapse.config.xml.ProxyServiceSerializer,4,1,0,17,57,2,1,16,2,0.583333333,503,1.0,0,0.0,0.333333333,0,0,123.75,30,7.75,2
61,synapse,1.1,org.apache.synapse.FaultHandler,7,1,3,19,32,9,16,4,5,0.5,211,1.0,0,0.0,0.333333333,0,0,28.85714286,9,2.8571,0
62,synapse,1.1,org.apache.synapse.mediators.builtin.SendMediator,4,2,0,14,30,0,2,12,4,0.0,187,1.0,1,0.8125,0.5,0,0,45.5,17,4.75,0
63,synapse,1.1,org.apache.synapse.mediators.MediatorFaultHandler,6,2,0,10,20,0,4,7,4,0.533333333,106,1.0,1,0.5555555560000001,0.4,1,2,16.16666667,2,0.8333,0
64,synapse,1.1,org.apache.synapse.config.xml.FaultMediatorFactory,4,2,0,10,36,2,0,10,3,0.814814815,386,1.0,0,0.6,0.666666667,0,0,93.25,17,4.5,1
65,synapse,1.1,org.apache.synapse.mediators.eip.EIPConstants,1,1,0,0,2,0,0,0,1,2.0,7,0.0,0,0.0,1.0,0,0,3.0,0,0.0,0
66,synapse,1.1,org.apache.synapse.mediators.filters.OutMediator,3,3,0,7,16,3,2,5,3,2.0,70,0.0,0,0.916666667,0.833333333,1,2,22.33333333,8,3.0,0
67,synapse,1.1,org.apache.synapse.startup.tasks.MessageInjector,7,1,0,9,22,5,0,9,7,0.7,114,1.0,1,0.0,0.39285714299999996,0,0,14.57142857,5,1.4286,0
68,synapse,1.1,org.apache.synapse.config.xml.RMSequenceMediatorSerializer,3,2,0,9,22,3,0,9,3,2.0,125,0.0,0,0.75,0.5555555560000001,0,0,40.66666667,11,4.0,0
69,synapse,1.1,org.apache.synapse.config.SynapseConfigUtils,10,1,0,15,53,25,8,7,7,0.222222222,537,1.0,0,0.0,0.222222222,0,0,52.6,10,2.9,1
70,synapse,1.1,org.apache.synapse.config.xml.endpoints.IndirectEndpointFactory,7,1,0,9,17,13,1,8,3,0.666666667,69,1.0,1,0.0,0.25,0,0,8.571428571,2,0.8571,1
71,synapse,1.1,org.apache.synapse.config.SynapseConfiguration,47,1,0,42,105,589,23,20,45,0.860869565,933,0.9,1,0.0,0.144927536,0,0,18.63829787,8,2.0426,1
72,synapse,1.1,org.apache.synapse.config.xml.InMediatorFactory,4,3,0,5,9,4,0,5,3,0.666666667,30,1.0,0,0.666666667,0.666666667,0,0,6.25,1,0.5,0
73,synapse,1.1,org.apache.synapse.config.xml.AbstractListMediatorFactory,2,2,7,14,15,1,7,7,1,2.0,46,0.0,0,0.75,0.5,0,0,22.0,3,1.5,0
74,synapse,1.1,org.apache.synapse.mediators.db.DBReportMediator,2,3,0,5,15,1,2,3,1,2.0,77,0.0,0,0.962962963,0.666666667,2,5,37.5,2,1.0,0
75,synapse,1.1,org.apache.synapse.config.xml.XSLTMediatorFactory,4,2,0,10,27,4,0,10,3,0.666666667,148,1.0,0,0.6,0.666666667,0,0,35.75,10,2.75,0
76,synapse,1.1,org.apache.synapse.endpoints.dispatch.HttpSessionDispatcher,5,1,0,7,14,0,2,5,5,0.25,128,0.0,0,0.0,0.6,0,0,24.4,5,3.0,0
77,synapse,1.1,org.apache.synapse.config.xml.RegistrySerializer,4,1,0,11,23,2,1,10,2,0.583333333,101,1.0,0,0.0,0.333333333,0,0,23.25,4,1.25,0
78,synapse,1.1,org.apache.synapse.config.xml.endpoints.SALoadbalanceEndpointSerializer,4,1,0,20,25,2,1,20,2,0.5,174,1.0,0,0.0,0.5555555560000001,0,0,42.0,8,2.25,1
79,synapse,1.1,org.apache.synapse.config.xml.endpoints.EndpointSerializer,1,1,0,13,1,0,11,2,1,2.0,1,0.0,0,0.0,1.0,0,0,0.0,1,1.0,1
80,synapse,1.1,org.apache.synapse.config.xml.SynapseXMLConfigurationFactory,15,1,0,26,77,99,0,26,6,0.35714285700000004,445,1.0,0,0.0,0.314285714,0,0,28.6,19,2.6,2
81,synapse,1.1,org.apache.synapse.config.xml.endpoints.EndpointAbstractSerializer,2,1,0,19,15,1,7,15,2,2.0,63,0.0,0,0.0,0.5,0,0,30.5,7,3.5,1
82,synapse,1.1,org.apache.synapse.config.xml.SynapseMediatorSerializer,3,3,0,7,15,3,0,7,3,2.0,46,0.0,0,0.7777777779999999,0.5555555560000001,0,0,14.33333333,3,1.3333,0
83,synapse,1.1,org.apache.synapse.config.xml.endpoints.XMLToEndpointMapper,4,1,0,8,8,4,1,7,2,0.666666667,32,1.0,1,0.0,0.5,0,0,6.75,2,0.75,1
84,synapse,1.1,org.apache.synapse.mediators.base.SequenceMediator,14,3,0,31,48,37,21,11,14,0.794871795,389,1.0,0,0.628571429,0.3,1,4,26.35714286,29,2.9286,0
85,synapse,1.1,org.apache.synapse.config.xml.SwitchMediatorSerializer,3,2,0,12,28,3,0,12,3,2.0,137,0.0,0,0.75,0.5555555560000001,0,0,44.66666667,8,3.0,0
86,synapse,1.1,org.apache.synapse.config.xml.LogMediatorFactory,4,2,0,6,16,2,0,6,3,1.047619048,97,1.0,0,0.6,0.666666667,0,0,21.5,7,2.0,0
87,synapse,1.1,org.apache.synapse.mediators.transform.FaultMediator,24,2,0,28,87,150,2,26,18,0.873517787,595,0.727272727,0,0.36111111100000004,0.2,0,0,23.33333333,16,2.9167,2
88,synapse,1.1,org.apache.synapse.core.axis2.DynamicAxisOperation,3,5,0,6,6,3,2,5,3,2.0,18,0.0,0,0.99047619,0.5,0,0,5.0,1,0.3333,2
89,synapse,1.1,org.apache.synapse.config.xml.TargetSerializer,3,1,0,14,19,1,2,12,2,0.5,93,1.0,0,0.0,0.5,0,0,29.0,7,2.3333,1
90,synapse,1.1,org.apache.synapse.config.xml.TargetFactory,4,1,0,13,26,2,2,11,2,0.5,147,1.0,0,0.0,0.333333333,0,0,35.25,12,3.5,1
91,synapse,1.1,org.apache.synapse.SynapseException,3,4,0,82,6,3,82,0,3,1.5,17,1.0,0,1.0,0.7777777779999999,0,0,4.333333333,0,0.0,0
92,synapse,1.1,org.apache.synapse.metrics.MetricsAggregatorModule,6,1,0,11,13,15,0,11,6,2.0,35,0.0,0,0.0,0.36111111100000004,0,0,4.833333333,1,0.8333,0
93,synapse,1.1,org.apache.synapse.startup.quartz.SimpleQuartzSerializer,3,1,0,11,28,1,0,11,2,0.625,148,1.0,0,0.0,0.666666667,0,0,47.0,8,2.6667,0
94,synapse,1.1,org.apache.synapse.core.axis2.SynapseMustUnderstandHandler,2,2,0,8,14,1,0,8,2,2.0,46,0.0,0,0.875,0.75,0,0,22.0,1,0.5,0
95,synapse,1.1,org.apache.synapse.config.xml.MediatorSerializerFinder,7,1,0,9,29,0,3,6,3,0.541666667,265,1.0,1,0.0,0.333333333,0,0,36.28571429,3,1.1429,0
96,synapse,1.1,org.apache.synapse.mediators.builtin.DropMediator,2,2,0,11,16,1,5,6,2,2.0,50,0.0,0,0.9285714290000001,0.75,0,0,24.0,5,2.5,0
97,synapse,1.1,org.apache.synapse.config.xml.SendMediatorSerializer,3,2,0,10,16,3,0,10,3,2.0,56,0.0,0,0.75,0.5555555560000001,0,0,17.66666667,4,1.6667,1
98,synapse,1.1,org.apache.synapse.mediators.base.SynapseMediator,2,3,0,10,23,1,2,8,2,2.0,114,0.0,0,0.956521739,0.75,1,2,56.0,11,5.5,0
99,synapse,1.1,org.apache.synapse.config.xml.AnonymousListMediator,2,3,0,7,4,1,5,2,2,2.0,9,0.0,0,0.956521739,0.75,0,0,3.5,1,0.5,0
100,synapse,1.1,org.apache.synapse.config.xml.POJOCommandMediatorSerializer,3,2,0,9,27,3,0,9,3,2.0,152,0.0,0,0.75,0.5555555560000001,0,0,49.66666667,7,2.6667,1
101,synapse,1.1,org.apache.synapse.config.xml.HeaderMediatorFactory,4,2,0,11,34,2,0,11,3,0.666666667,191,1.0,0,0.6,0.666666667,0,0,46.25,13,3.5,0
102,synapse,1.1,org.apache.synapse.config.xml.CacheMediatorSerializer,3,2,0,11,29,3,0,11,3,2.0,192,0.0,0,0.75,0.5555555560000001,0,0,63.0,11,4.0,0
103,synapse,1.1,org.apache.synapse.core.axis2.SynapseInitializationModule,8,1,0,26,63,20,0,26,6,0.7857142859999999,281,1.0,1,0.0,0.333333333,0,0,33.875,3,1.0,1
104,synapse,1.1,org.apache.synapse.config.xml.MediatorFactory,2,1,0,5,2,1,3,2,2,2.0,2,0.0,0,0.0,0.75,0,0,0.0,1,1.0,0
105,synapse,1.1,org.apache.synapse.mediators.GetPropertyFunction,7,1,0,11,38,0,1,11,5,0.625,359,0.75,1,0.0,0.270833333,0,0,49.71428571,31,5.2857,0
106,synapse,1.1,org.apache.synapse.util.TextFileDataSource,15,1,0,11,38,81,2,10,6,0.857142857,177,1.0,0,0.0,0.16071428599999998,0,0,10.4,1,0.8667,5
107,synapse,1.1,org.apache.synapse.mediators.db.Statement,6,1,0,7,12,1,6,2,6,0.666666667,56,0.0,0,0.0,0.5555555560000001,0,0,7.833333333,1,0.8333,0
108,synapse,1.1,org.apache.synapse.util.concurrent.SynapseThreadFactory,2,1,0,1,13,0,1,0,2,0.0,57,0.0,0,0.0,0.625,0,0,26.0,1,0.5,0
109,synapse,1.1,org.apache.synapse.config.xml.AggregateMediatorSerializer,4,2,0,11,24,6,0,11,3,1.0,140,1.0,0,0.75,0.5555555560000001,0,0,33.75,6,1.75,0
110,synapse,1.1,org.apache.synapse.registry.RegistryEntry,8,1,0,4,8,28,4,0,8,2.0,8,0.0,0,0.0,1.0,0,0,0.0,1,1.0,0
111,synapse,1.1,org.apache.synapse.config.xml.HeaderMediatorSerializer,3,2,0,9,26,3,0,9,3,2.0,148,0.0,0,0.75,0.5555555560000001,0,0,48.33333333,10,3.6667,0
112,synapse,1.1,org.apache.synapse.config.xml.PropertyMediatorSerializer,3,2,0,9,22,3,0,9,3,2.0,119,0.0,0,0.75,0.5555555560000001,0,0,38.66666667,9,3.3333,0
113,synapse,1.1,org.apache.synapse.mediators.transform.XSLTMediator,16,2,0,30,103,48,2,28,12,0.8666666670000001,932,0.833333333,0,0.46428571399999996,0.2421875,0,0,56.5,33,4.0625,7
114,synapse,1.1,org.apache.synapse.registry.url.SimpleURLRegistry,11,2,0,11,65,41,0,11,8,0.9,561,1.0,0,0.35714285700000004,0.38,2,3,49.81818182,9,2.7273,0
115,synapse,1.1,org.apache.synapse.config.xml.ClassMediatorSerializer,3,2,0,8,24,3,0,8,3,2.0,114,0.0,0,0.75,0.5555555560000001,0,0,37.0,7,2.6667,0
116,synapse,1.1,org.apache.synapse.mediators.builtin.RMSequenceMediator,17,2,0,15,58,100,2,13,11,0.90625,446,1.0,0,0.46428571399999996,0.3,0,0,24.76470588,12,2.0588,1
117,synapse,1.1,org.apache.synapse.config.xml.PropertyHelper,7,1,0,7,42,9,3,4,4,0.333333333,558,1.0,0,0.0,0.3,0,0,78.57142857,12,3.2857,0
118,synapse,1.1,org.apache.synapse.mediators.ext.POJOCommandMediator,9,2,0,9,49,4,2,7,8,0.625,564,1.0,0,0.6190476189999999,0.37777777799999995,0,0,61.33333333,11,3.0,1
119,synapse,1.1,org.apache.synapse.endpoints.AddressEndpoint,17,2,0,14,53,78,4,10,13,0.8125,359,1.0,2,0.25,0.27678571399999996,1,1,19.64705882,17,2.5882,1
120,synapse,1.1,org.apache.synapse.registry.Registry,8,1,0,10,8,28,7,3,8,2.0,8,0.0,0,0.0,0.4375,0,0,0.0,1,1.0,0
121,synapse,1.1,org.apache.synapse.core.axis2.ProxyServiceMessageReceiver,8,2,0,20,62,0,1,20,4,0.535714286,523,1.0,1,0.333333333,0.404761905,1,2,63.875,4,1.625,2
122,synapse,1.1,org.apache.synapse.config.xml.ConfigurationFactory,3,1,0,4,3,3,2,2,3,2.0,3,0.0,0,0.0,0.666666667,0,0,0.0,1,1.0,0
123,synapse,1.1,org.apache.synapse.core.axis2.Axis2FlexibleMEPClient,9,1,0,39,96,30,1,38,3,0.625,556,1.0,0,0.0,0.19642857100000002,0,0,60.66666667,6,2.3333,3
124,synapse,1.1,org.apache.synapse.mediators.builtin.ValidateMediator,11,3,0,17,79,1,3,15,9,0.814285714,563,0.857142857,0,0.6875,0.303030303,1,3,49.54545455,16,2.7273,0
125,synapse,1.1,org.apache.synapse.config.xml.XMLConfigurationSerializer,3,1,0,5,8,1,0,5,2,0.5,21,1.0,0,0.0,0.5,0,0,5.666666667,1,0.3333,1
126,synapse,1.1,org.apache.synapse.mediators.filters.FilterMediator,9,3,0,10,27,0,2,8,9,0.5,281,1.0,0,0.7333333329999999,0.38888888899999996,1,2,29.88888889,10,2.6667,0
127,synapse,1.1,org.apache.synapse.startup.AbstractStartup,3,1,1,2,4,0,1,1,3,0.0,17,1.0,0,0.0,0.666666667,0,0,4.333333333,1,0.6667,0
128,synapse,1.1,org.apache.synapse.endpoints.FailoverEndpoint,10,1,0,7,22,11,3,4,10,0.622222222,169,1.0,2,0.0,0.316666667,0,0,15.4,7,1.9,1
129,synapse,1.1,org.apache.synapse.config.xml.StartupFactory,3,1,0,4,3,3,2,2,3,2.0,3,0.0,0,0.0,0.666666667,0,0,0.0,1,1.0,0
130,synapse,1.1,org.apache.synapse.config.xml.CloneMediatorSerializer,3,2,0,10,16,3,0,10,3,2.0,56,0.0,0,0.75,0.5555555560000001,0,0,17.66666667,4,1.6667,0
131,synapse,1.1,org.apache.synapse.config.xml.FilterMediatorSerializer,3,3,0,9,23,3,0,9,3,2.0,100,0.0,0,0.7777777779999999,0.5555555560000001,0,0,32.33333333,6,2.3333,0
132,synapse,1.1,org.apache.synapse.config.xml.RegistryFactory,6,1,0,7,26,5,1,6,2,0.55,156,0.25,0,0.0,0.28,0,0,24.33333333,4,1.3333,0
133,synapse,1.1,org.apache.synapse.config.xml.DBLookupMediatorFactory,4,3,0,5,9,4,0,5,3,0.666666667,31,1.0,0,0.818181818,0.666666667,0,0,6.5,1,0.5,0
134,synapse,1.1,org.apache.synapse.config.xml.endpoints.SALoadbalanceEndpointFactory,8,1,0,17,38,20,1,17,3,0.642857143,191,1.0,1,0.0,0.244897959,0,0,22.625,6,1.625,1
135,synapse,1.1,org.apache.synapse.config.xml.POJOCommandMediatorFactory,4,2,0,10,30,4,0,10,3,0.666666667,141,1.0,0,0.6,0.666666667,0,0,34.0,6,1.75,1
136,synapse,1.1,org.apache.synapse.config.xml.RMSequenceMediatorFactory,4,2,0,10,29,2,0,10,3,0.666666667,274,1.0,0,0.6,0.666666667,0,0,66.25,19,5.0,0
137,synapse,1.1,org.apache.synapse.config.xml.CloneMediatorFactory,4,2,0,7,19,2,0,7,3,0.666666667,66,1.0,0,0.6,0.666666667,0,0,14.75,3,1.0,0
138,synapse,1.1,org.apache.synapse.endpoints.algorithms.RoundRobin,3,1,0,6,7,0,3,3,3,0.25,76,1.0,0,0.0,0.5555555560000001,0,0,23.66666667,4,1.6667,0
139,synapse,1.1,org.apache.synapse.core.axis2.SynapseDispatcher,4,3,0,9,13,6,0,9,4,2.0,39,0.0,0,0.8,0.583333333,2,2,8.75,1,0.75,0
140,synapse,1.1,org.apache.synapse.endpoints.WSDLEndpoint,25,2,0,15,61,234,4,11,21,0.913194444,396,1.0,2,0.17857142899999998,0.223958333,1,1,14.36,17,2.08,1
141,synapse,1.1,org.apache.synapse.config.xml.EntrySerializer,4,1,0,13,22,2,1,12,2,0.583333333,126,1.0,0,0.0,0.333333333,0,0,29.5,6,1.75,0
142,synapse,1.1,org.apache.synapse.config.xml.endpoints.AddressEndpointSerializer,5,1,0,15,37,2,1,14,3,0.625,372,1.0,0,0.0,0.375,0,0,73.0,22,5.4,3
143,synapse,1.1,org.apache.synapse.config.xml.endpoints.WSDLEndpointSerializer,5,1,0,15,38,2,1,14,3,0.625,374,1.0,0,0.0,0.35,0,0,73.4,19,5.6,2
144,synapse,1.1,org.apache.synapse.endpoints.LoadbalanceEndpoint,14,1,0,8,27,35,3,5,14,0.7435897440000001,165,1.0,2,0.0,0.255102041,0,0,10.35714286,5,1.5714,1
145,synapse,1.1,org.apache.synapse.config.xml.endpoints.IndirectEndpointSerializer,2,1,0,11,8,0,1,10,2,0.0,42,1.0,0,0.0,0.75,0,0,19.5,3,1.5,1
146,synapse,1.1,org.apache.synapse.mediators.AbstractMediator,15,1,17,22,33,7,17,5,5,0.47619047600000003,229,1.0,0,0.0,0.380952381,0,0,14.06666667,4,2.3333,0
147,synapse,1.1,org.apache.synapse.config.xml.AnonymousListMediatorFactory,2,3,0,5,5,1,1,4,2,2.0,14,0.0,0,0.8,0.5,0,0,6.0,1,0.5,0
148,synapse,1.1,org.apache.synapse.endpoints.algorithms.LoadbalanceAlgorithm,2,1,0,10,2,1,8,2,2,2.0,2,0.0,0,0.0,0.75,0,0,0.0,1,1.0,0
149,synapse,1.1,org.apache.synapse.config.xml.ClassMediatorFactory,4,2,0,9,29,4,0,9,3,0.666666667,141,1.0,0,0.6,0.666666667,0,0,34.0,6,1.75,0
150,synapse,1.1,org.apache.synapse.config.xml.DBReportMediatorFactory,4,3,0,5,9,4,0,5,3,0.666666667,31,1.0,0,0.818181818,0.666666667,0,0,6.5,1,0.5,0
151,synapse,1.1,org.apache.synapse.config.xml.InMediatorSerializer,3,3,0,7,15,3,0,7,3,2.0,46,0.0,0,0.7777777779999999,0.5555555560000001,0,0,14.33333333,3,1.3333,0
152,synapse,1.1,org.apache.synapse.config.xml.IterateMediatorSerializer,3,2,0,11,24,3,0,11,3,2.0,108,0.0,0,0.75,0.5555555560000001,0,0,35.0,8,3.0,0
153,synapse,1.1,org.apache.synapse.endpoints.SALoadbalanceEndpoint,18,1,0,16,46,87,4,12,15,0.845588235,260,1.0,3,0.0,0.22794117600000002,0,0,13.0,7,1.5,1
154,synapse,1.1,org.apache.synapse.config.xml.PropertyMediatorFactory,4,2,0,10,23,4,0,10,3,0.666666667,182,1.0,0,0.6,0.666666667,0,0,44.0,15,4.0,0
155,synapse,1.1,org.apache.synapse.config.xml.StartupSerializer,1,1,0,4,1,0,2,2,1,2.0,1,0.0,0,0.0,1.0,0,0,0.0,1,1.0,0
156,synapse,1.1,org.apache.synapse.config.xml.FilterMediatorFactory,4,3,0,11,26,4,0,11,3,0.666666667,193,1.0,0,0.666666667,0.666666667,0,0,47.0,10,2.75,0
157,synapse,1.1,org.apache.synapse.mediators.filters.InMediator,3,3,0,7,16,3,2,5,3,2.0,74,0.0,0,0.916666667,0.833333333,1,2,23.66666667,8,3.3333,0
158,synapse,1.1,org.apache.synapse.mediators.MediatorWorker,5,1,0,10,21,0,1,9,3,0.5,159,1.0,2,0.0,0.5,0,0,30.0,4,1.6,0
159,synapse,1.1,org.apache.synapse.core.axis2.SOAPUtils,5,1,0,22,66,4,2,20,4,0.25,493,1.0,0,0.0,0.41666666700000005,0,0,96.8,1,0.6,0
160,synapse,1.1,org.apache.synapse.config.xml.AnonymousListMediatorSerializer,3,3,0,5,12,3,1,4,3,2.0,33,0.0,0,0.7777777779999999,0.5555555560000001,0,0,10.0,2,1.0,0
161,synapse,1.1,org.apache.synapse.config.xml.endpoints.utils.WSDL11EndpointBuilder,6,1,0,6,31,13,1,5,3,0.2,177,1.0,0,0.0,0.5,0,0,28.33333333,10,2.1667,0
162,synapse,1.1,org.apache.synapse.core.axis2.MessageContextCreatorForAxis2,5,1,0,12,10,0,3,9,4,0.583333333,46,1.0,2,0.0,0.25,0,0,7.6,1,0.6,0
163,synapse,1.1,org.apache.synapse.config.xml.DropMediatorFactory,4,2,0,4,8,4,0,4,3,0.666666667,27,1.0,0,0.6,0.666666667,0,0,5.5,1,0.5,0
164,synapse,1.1,org.apache.synapse.Command,1,1,0,1,1,0,1,0,1,2.0,1,0.0,0,0.0,1.0,0,0,0.0,1,1.0,0
165,synapse,1.1,org.apache.synapse.config.xml.SendMediatorFactory,4,2,0,8,13,2,0,8,3,0.666666667,61,1.0,0,0.6,0.666666667,0,0,13.75,3,1.0,1
166,synapse,1.1,org.apache.synapse.endpoints.dispatch.Dispatcher,4,1,0,8,4,6,6,2,4,2.0,4,0.0,0,0.0,0.666666667,0,0,0.0,1,1.0,0
167,synapse,1.1,org.apache.synapse.endpoints.IndirectEndpoint,14,1,0,12,38,27,3,9,11,0.791208791,280,1.0,2,0.0,0.4,0,0,18.5,7,2.0,1
168,synapse,1.1,org.apache.synapse.mediators.builtin.LogMediator,16,2,0,13,60,34,4,9,9,0.8666666670000001,483,0.375,0,0.46428571399999996,0.258928571,0,0,28.6875,8,2.4375,0
169,synapse,1.1,org.apache.synapse.config.xml.DBReportMediatorSerializer,3,3,0,8,14,3,0,8,3,2.0,45,0.0,0,0.7777777779999999,0.5555555560000001,0,0,14.0,3,1.3333,0
170,synapse,1.1,org.apache.synapse.SynapseConstants,2,1,0,11,6,1,8,3,1,1.9692307690000002,81,0.0,0,0.0,1.0,0,0,7.0,0,0.0,3
171,synapse,1.1,org.apache.synapse.Mediator,4,1,0,74,4,6,74,1,4,2.0,4,0.0,0,0.0,0.5,0,0,0.0,1,1.0,0
172,synapse,1.1,org.apache.synapse.statistics.StatisticsUtils,6,1,0,14,22,15,5,9,5,2.0,146,0.0,0,0.0,0.5,0,0,23.33333333,4,2.3333,0
173,synapse,1.1,org.apache.synapse.config.xml.SynapseXMLConfigurationSerializer,9,1,0,25,44,32,0,25,3,0.875,247,1.0,0,0.0,0.270833333,0,0,26.0,7,1.8889,1
174,synapse,1.1,org.apache.synapse.core.axis2.MediatorDeployer,9,1,0,11,45,22,0,11,6,0.75,343,1.0,0,0.0,0.4,0,0,36.88888889,1,0.7778,0
175,synapse,1.1,org.apache.synapse.config.xml.endpoints.LoadbalanceEndpointSerializer,2,1,0,14,16,0,1,14,2,0.0,102,1.0,0,0.0,0.75,0,0,49.5,6,3.0,1
176,synapse,1.1,org.apache.synapse.mediators.eip.aggregator.AggregateMediator,30,2,0,14,74,299,2,12,28,0.8987068970000001,594,1.0,2,0.31707317100000004,0.172413793,0,0,18.26666667,22,2.0333,3
177,synapse,1.1,org.apache.synapse.core.axis2.TimeoutHandler,5,2,0,6,33,2,1,5,2,0.55,206,1.0,0,0.5,0.625,0,0,39.2,5,1.6,0
178,synapse,1.1,org.apache.synapse.util.FixedByteArrayOutputStream,3,3,0,2,7,1,1,1,3,2.0,43,0.0,0,0.882352941,0.7777777779999999,2,2,13.33333333,2,1.3333,0
179,synapse,1.1,org.apache.synapse.endpoints.Endpoint,7,1,0,46,7,21,46,1,7,2.0,7,0.0,0,0.0,0.428571429,0,0,0.0,1,1.0,0
180,synapse,1.1,org.apache.synapse.config.xml.StartupFinder,11,1,0,11,38,0,2,9,7,0.56,336,1.0,1,0.0,0.28,0,0,29.09090909,3,1.3636,0
181,synapse,1.1,org.apache.synapse.startup.quartz.SimpleQuartzFactory,7,1,0,9,44,5,1,9,4,0.708333333,285,0.75,0,0.0,0.41666666700000005,0,0,39.14285714,20,3.4286,0
182,synapse,1.1,org.apache.synapse.ServerManager,8,1,0,16,55,14,4,12,6,0.828571429,379,1.0,1,0.0,0.333333333,0,0,45.75,12,3.0,0
183,synapse,1.1,org.apache.synapse.mediators.ext.ClassMediator,8,2,0,10,29,0,2,8,8,0.5,169,1.0,1,0.65,0.270833333,0,0,19.875,6,2.125,0
184,synapse,1.1,org.apache.synapse.core.axis2.AsyncCallback,10,1,0,6,11,35,3,3,10,0.851851852,46,0.666666667,1,0.0,0.26666666699999997,0,0,3.3,1,0.9,0
185,synapse,1.1,org.apache.synapse.config.xml.endpoints.EndpointAbstractFactory,2,1,0,15,14,1,8,10,2,2.0,91,0.0,0,0.0,0.5,0,0,44.5,7,3.5,1
186,synapse,1.1,org.apache.synapse.util.PayloadHelper,23,1,0,18,70,143,2,17,22,0.8787878790000001,537,0.0,0,0.0,0.181818182,0,0,21.95652174,5,2.2174,0
187,synapse,1.1,org.apache.synapse.config.xml.ProxyServiceFactory,5,1,0,12,60,0,1,11,2,0.25,566,1.0,0,0.0,0.3125,0,0,112.0,39,8.2,4
188,synapse,1.1,org.apache.synapse.endpoints.utils.EndpointDefinition,35,1,0,13,36,493,13,0,35,0.9411764709999999,225,1.0,0,0.0,0.297142857,0,0,4.942857143,1,0.9714,1
189,synapse,1.1,org.apache.synapse.core.axis2.Axis2Sender,5,1,0,20,33,8,2,18,3,0.25,105,1.0,0,0.0,0.3,0,0,19.8,8,2.0,1
190,synapse,1.1,org.apache.synapse.registry.url.URLRegistryEntry,18,1,0,2,28,87,1,1,18,0.852941176,200,1.0,0,0.0,0.36111111100000004,0,0,9.666666667000001,1,0.9444,0
191,synapse,1.1,org.apache.synapse.mediators.eip.splitter.IterateMediator,12,2,0,18,46,14,2,16,12,0.727272727,304,1.0,1,0.541666667,0.3,0,0,23.91666667,17,2.25,0
192,synapse,1.1,org.apache.synapse.config.xml.AbstractDBMediatorFactory,8,2,2,13,60,12,4,10,1,0.75,727,0.0,0,0.333333333,0.6785714290000001,0,0,88.375,23,5.125,0
193,synapse,1.1,org.apache.synapse.endpoints.dispatch.SoapSessionDispatcher,5,1,0,8,18,0,2,6,5,0.25,143,1.0,0,0.0,0.6,0,0,27.4,5,3.0,0
194,synapse,1.1,org.apache.synapse.config.xml.AbstractMediatorSerializer,8,1,17,31,36,22,17,14,0,0.771428571,190,1.0,0,0.0,0.346938776,0,0,22.125,5,1.75,1
195,synapse,1.1,org.apache.synapse.startup.Task,1,1,0,2,1,0,2,0,1,2.0,1,0.0,0,0.0,1.0,0,0,0.0,1,1.0,0
196,synapse,1.1,org.apache.synapse.Startup,3,1,0,10,3,3,9,1,3,2.0,3,0.0,0,0.0,0.666666667,0,0,0.0,1,1.0,0
197,synapse,1.1,org.apache.synapse.config.xml.MediatorFactoryFinder,10,1,0,14,41,0,4,10,5,0.5277777779999999,407,1.0,1,0.0,0.288888889,0,0,39.3,7,1.7,0
198,synapse,1.1,org.apache.synapse.config.xml.AbstractListMediatorSerializer,2,2,7,12,14,1,7,5,1,2.0,40,0.0,0,0.857142857,0.666666667,0,0,19.0,3,1.5,0
199,synapse,1.1,org.apache.synapse.statistics.impl.ProxyServiceStatisticsStack,7,1,0,8,17,9,3,5,5,0.5,139,1.0,0,0.0,0.566666667,0,0,17.85714286,5,1.8571,0
200,synapse,1.1,org.apache.synapse.config.XMLToObjectMapper,1,1,0,10,1,0,9,1,1,2.0,1,0.0,0,0.0,1.0,0,0,0.0,1,1.0,0
201,synapse,1.1,org.apache.synapse.statistics.StatisticsHolder,9,1,0,2,12,22,1,1,9,0.8125,75,1.0,2,0.0,0.288888889,0,0,6.8888888889999995,4,1.2222,0
202,synapse,1.1,org.apache.synapse.config.xml.ConfigurationSerializer,2,1,0,4,2,1,2,2,2,2.0,2,0.0,0,0.0,0.75,0,0,0.0,1,1.0,0
203,synapse,1.1,org.apache.synapse.mediators.db.AbstractDBMediator,14,2,2,19,70,53,8,13,11,0.666666667,421,0.666666667,0,0.5,0.255102041,0,0,28.85714286,7,1.4286,0
204,synapse,1.1,org.apache.synapse.mediators.transform.HeaderMediator,12,2,0,16,49,6,2,14,10,0.803030303,406,0.666666667,0,0.541666667,0.226190476,0,0,32.33333333,25,3.4167,0
205,synapse,1.1,org.apache.synapse.util.SimpleMapImpl,27,3,0,11,92,349,1,11,26,1.0307692309999998,865,1.0,0,0.6190476189999999,0.164835165,1,2,30.48148148,11,1.6296,0
206,synapse,1.1,org.apache.synapse.config.xml.DropMediatorSerializer,3,2,0,7,13,3,0,7,3,2.0,41,0.0,0,0.75,0.5555555560000001,0,0,12.66666667,3,1.3333,0
207,synapse,1.1,org.apache.synapse.config.xml.DBLookupMediatorSerializer,3,3,0,8,14,3,0,8,3,2.0,45,0.0,0,0.7777777779999999,0.5555555560000001,0,0,14.0,3,1.3333,0
208,synapse,1.1,org.apache.synapse.config.xml.SynapseMediatorFactory,4,3,0,5,9,4,0,5,3,0.666666667,30,1.0,0,0.666666667,0.666666667,0,0,6.25,1,0.5,0
209,synapse,1.1,org.apache.synapse.config.xml.LogMediatorSerializer,3,2,0,8,19,3,0,8,3,2.0,88,0.0,0,0.75,0.5555555560000001,0,0,28.33333333,8,3.0,0
210,synapse,1.1,org.apache.synapse.metrics.MetricsConstants,2,1,0,2,3,1,2,0,1,1.0,12,0.0,0,0.0,1.0,0,0,4.0,0,0.0,0
211,synapse,1.1,org.apache.synapse.config.xml.XMLConfigurationBuilder,3,1,0,8,11,1,2,6,2,0.5,26,1.0,0,0.0,0.5,0,0,7.333333333,1,0.3333,0
212,synapse,1.1,org.apache.synapse.config.xml.ConfigurationFactoryAndSerializerFinder,13,1,0,14,45,10,2,12,8,0.583333333,382,1.0,1,0.0,0.19047619,0,0,28.0,4,1.4615,0
213,synapse,1.1,org.apache.synapse.mediators.builtin.CacheMediator,21,2,0,21,73,110,2,19,18,0.84,594,1.0,1,0.393939394,0.185714286,0,0,26.80952381,15,2.4286,0
214,synapse,1.1,org.apache.synapse.core.axis2.SynapseCallbackReceiver,6,1,0,35,101,3,2,33,3,0.6,550,1.0,0,0.0,0.37142857100000004,0,0,90.33333333,7,1.6667,3
215,synapse,1.1,org.apache.synapse.config.xml.SwitchMediatorFactory,4,2,0,13,28,2,0,13,3,0.666666667,175,1.0,0,0.6,0.666666667,0,0,42.0,5,1.5,0
216,synapse,1.1,org.apache.synapse.util.MessageHelper,8,1,0,31,96,28,4,27,7,2.0,430,0.0,0,0.0,0.2,0,0,52.75,6,2.875,1
217,synapse,1.1,org.apache.synapse.config.xml.AggregateMediatorFactory,4,2,0,13,34,2,0,13,3,0.69047619,314,1.0,0,0.6,0.666666667,0,0,74.0,17,4.5,0
218,synapse,1.1,org.apache.synapse.config.xml.endpoints.utils.LoadbalanceAlgorithmFactory,2,1,0,6,8,1,2,4,2,2.0,33,0.0,0,0.0,0.5,0,0,15.5,3,1.5,0
219,synapse,1.1,org.apache.synapse.mediators.MediatorProperty,9,1,0,10,12,26,7,3,8,0.9285714290000001,70,0.428571429,0,0.0,0.375,0,0,6.0,1,0.7778,0
220,synapse,1.1,org.apache.synapse.mediators.eip.splitter.CloneMediator,8,2,0,12,32,0,2,10,7,0.5,157,1.0,0,0.65,0.291666667,0,0,18.375,10,2.0,0
221,synapse,1.1,org.apache.synapse.config.xml.SwitchCase,7,1,0,5,11,3,3,2,7,0.583333333,53,1.0,1,0.0,0.314285714,0,0,6.285714286,2,1.1429,0
0,synapse,1.2,org.apache.synapse.endpoints.LoadbalanceEndpoint,15,1,0,18,52,37,3,15,14,0.75,271,1.0,4,0.0,0.255102041,0,0,16.53333333,13,2.0667,1
1,synapse,1.2,org.apache.synapse.util.concurrent.SynapseThreadPool,3,3,0,2,8,3,1,1,3,1.5,60,0.0,0,1.0,0.5555555560000001,0,0,15.0,0,0.0,0
2,synapse,1.2,org.apache.synapse.mediators.AbstractMediator,15,1,18,23,33,7,18,5,5,0.47619047600000003,229,1.0,0,0.0,0.380952381,0,0,14.06666667,4,2.3333,4
3,synapse,1.2,org.apache.synapse.config.xml.AnonymousListMediatorFactory,2,3,0,6,5,1,2,4,2,2.0,14,0.0,0,0.8,0.5,0,0,6.0,1,0.5,0
4,synapse,1.2,org.apache.synapse.endpoints.algorithms.LoadbalanceAlgorithm,2,1,0,11,2,1,8,3,2,2.0,2,0.0,0,0.0,0.833333333,0,0,0.0,1,1.0,1
5,synapse,1.2,org.apache.synapse.config.xml.ClassMediatorFactory,4,2,0,8,29,4,0,8,3,0.666666667,141,1.0,0,0.6,0.666666667,0,0,34.0,6,1.75,0
6,synapse,1.2,org.apache.synapse.config.xml.endpoints.LoadbalanceEndpointFactory,4,2,0,7,19,4,1,7,1,0.666666667,78,1.0,1,0.818181818,0.444444444,1,1,18.25,5,1.5,4
7,synapse,1.2,org.apache.synapse.util.WrappedTextNodeStreamReader,51,1,0,4,71,1025,1,3,47,0.86,481,1.0,0,0.0,0.236666667,0,0,8.274509804,3,1.2157,0
8,synapse,1.2,org.apache.synapse.endpoints.dispatch.DispatcherContext,14,1,0,14,46,0,5,9,9,0.7307692309999999,544,1.0,0,0.0,0.28571428600000004,0,0,37.28571429,8,3.2857,0
9,synapse,1.2,org.apache.synapse.util.UUIDGenerator,4,1,0,4,31,0,4,0,2,0.5,179,1.0,0,0.0,0.333333333,0,0,42.75,4,2.0,0
10,synapse,1.2,org.apache.synapse.config.xml.AbstractDBMediatorSerializer,2,2,2,16,30,1,2,14,1,2.0,373,0.0,0,0.857142857,0.666666667,0,0,185.5,25,12.5,0
11,synapse,1.2,org.apache.synapse.endpoints.SALoadbalanceEndpoint,17,1,0,23,77,34,4,19,15,0.8482142859999999,673,0.7142857140000001,6,0.0,0.2421875,0,0,37.76470588,30,3.4118,0
12,synapse,1.2,org.apache.synapse.config.xml.HeaderMediatorSerializer,3,2,0,10,25,3,0,10,3,2.0,139,0.0,0,0.75,0.5555555560000001,0,0,45.33333333,10,3.6667,0
13,synapse,1.2,org.apache.synapse.core.SynapseEnvironment,10,1,0,33,10,45,30,5,10,2.0,10,0.0,0,0.0,0.283333333,0,0,0.0,1,1.0,0
14,synapse,1.2,org.apache.synapse.mediators.transform.XSLTMediator,20,2,0,31,107,104,3,29,14,0.8728070179999999,844,0.833333333,1,0.40625,0.185,0,0,40.6,39,3.5,6
15,synapse,1.2,org.apache.synapse.registry.url.SimpleURLRegistry,15,2,0,12,73,67,0,12,11,0.761904762,609,1.0,0,0.27777777800000003,0.27678571399999996,2,3,39.4,9,2.4,0
16,synapse,1.2,org.apache.synapse.config.xml.ClassMediatorSerializer,3,2,0,8,24,3,0,8,3,2.0,114,0.0,0,0.75,0.5555555560000001,0,0,37.0,7,2.6667,0
17,synapse,1.2,org.apache.synapse.mediators.builtin.RMSequenceMediator,17,2,0,14,58,100,2,12,11,0.90625,444,1.0,2,0.46428571399999996,0.3,0,0,24.64705882,12,2.0588,2
18,synapse,1.2,org.apache.synapse.config.xml.CalloutMediatorSerializer,3,2,0,11,25,3,0,11,3,2.0,156,0.0,0,0.75,0.5555555560000001,0,0,51.0,12,4.3333,0
19,synapse,1.2,org.apache.synapse.config.xml.OutMediatorSerializer,3,3,0,7,15,3,0,7,3,2.0,46,0.0,0,0.7777777779999999,0.5555555560000001,0,0,14.33333333,3,1.3333,0
20,synapse,1.2,org.apache.synapse.mediators.db.DBLookupMediator,2,3,0,5,30,1,3,3,1,2.0,183,0.0,0,0.962962963,0.666666667,2,5,90.5,9,4.5,1
21,synapse,1.2,org.apache.synapse.endpoints.AddressEndpoint,5,3,0,20,51,0,4,16,5,0.0,319,1.0,1,0.818181818,0.666666667,2,3,62.6,23,6.4,1
22,synapse,1.2,org.apache.synapse.registry.Registry,12,1,0,10,12,66,7,3,12,2.0,12,0.0,0,0.0,0.28571428600000004,0,0,0.0,1,1.0,0
23,synapse,1.2,org.apache.synapse.mediators.AbstractListMediator,10,2,7,14,35,0,7,7,10,0.0,176,1.0,0,0.590909091,0.283333333,0,0,16.5,3,1.5,2
24,synapse,1.2,org.apache.synapse.core.axis2.ProxyServiceMessageReceiver,8,2,0,21,64,0,1,21,4,0.535714286,570,1.0,1,0.333333333,0.404761905,1,2,69.75,4,1.625,0
25,synapse,1.2,org.apache.synapse.config.xml.ConfigurationFactory,3,1,0,4,3,3,2,2,3,2.0,3,0.0,0,0.0,0.666666667,0,0,0.0,1,1.0,0
26,synapse,1.2,org.apache.synapse.core.axis2.Axis2FlexibleMEPClient,9,1,0,38,102,30,1,37,3,0.625,620,1.0,0,0.0,0.19642857100000002,0,0,67.77777778,6,2.2222,9
27,synapse,1.2,org.apache.synapse.mediators.builtin.ValidateMediator,11,3,0,18,71,1,3,16,9,0.814285714,542,0.857142857,1,0.6875,0.303030303,1,3,47.63636364,16,2.7273,1
28,synapse,1.2,org.apache.synapse.config.xml.XMLConfigurationSerializer,3,1,0,5,8,1,0,5,2,0.5,21,1.0,0,0.0,0.5,0,0,5.666666667,1,0.3333,0
29,synapse,1.2,org.apache.synapse.endpoints.EndpointContext,12,1,0,12,37,2,5,7,8,0.772727273,319,1.0,0,0.0,0.25974026,0,0,24.75,7,2.5833,1
30,synapse,1.2,org.apache.synapse.config.Entry,26,1,0,17,31,245,13,4,24,0.943333333,193,0.666666667,1,0.0,0.194285714,0,0,5.961538462,4,1.3462,0
31,synapse,1.2,org.apache.synapse.config.xml.ResourceMapFactory,4,1,0,7,16,4,1,6,2,0.333333333,76,1.0,0,0.0,0.333333333,0,0,17.75,5,1.5,1
32,synapse,1.2,org.apache.synapse.config.xml.ValidateMediatorSerializer,3,3,0,13,28,3,0,13,3,2.0,142,0.0,0,0.7777777779999999,0.5555555560000001,0,0,46.33333333,9,3.3333,0
33,synapse,1.2,org.apache.synapse.util.PayloadHelper,23,1,0,18,70,143,2,17,22,0.8787878790000001,537,0.0,0,0.0,0.181818182,0,0,21.95652174,5,2.2174,0
34,synapse,1.2,org.apache.synapse.config.xml.ProxyServiceFactory,5,1,0,14,67,0,1,13,2,0.25,695,1.0,0,0.0,0.3125,0,0,137.8,50,10.4,0
35,synapse,1.2,org.apache.synapse.endpoints.utils.EndpointDefinition,43,1,0,18,44,781,18,0,43,0.9535147390000001,274,1.0,0,0.0,0.29767441899999997,0,0,4.88372093,1,0.9767,0
36,synapse,1.2,org.apache.synapse.config.xml.SynapseXMLConfigurationFactory,15,1,0,28,84,99,0,28,6,0.35714285700000004,507,1.0,0,0.0,0.314285714,0,0,32.73333333,19,2.6,2
37,synapse,1.2,org.apache.synapse.util.xpath.SynapseXPath,6,3,0,71,45,13,50,21,3,0.9,219,1.0,0,0.870967742,0.36666666700000006,2,5,35.16666667,8,2.1667,1
38,synapse,1.2,org.apache.synapse.config.xml.SynapseMediatorSerializer,3,3,0,7,15,3,0,7,3,2.0,46,0.0,0,0.7777777779999999,0.5555555560000001,0,0,14.33333333,3,1.3333,0
39,synapse,1.2,org.apache.synapse.core.axis2.ResourceMap,5,1,0,13,26,0,7,6,4,0.5,151,1.0,0,0.0,0.583333333,0,0,28.8,5,1.4,2
40,synapse,1.2,org.apache.synapse.endpoints.dispatch.SoapSessionDispatcher,6,1,0,12,22,3,2,10,5,0.4,194,1.0,0,0.0,0.6,0,0,31.0,9,3.3333,0
41,synapse,1.2,org.apache.synapse.mediators.base.SequenceMediator,16,3,0,34,52,60,24,12,16,0.828571429,428,1.0,0,0.594594595,0.25,1,4,25.3125,29,2.8125,2
42,synapse,1.2,org.apache.synapse.startup.Task,1,1,0,2,1,0,2,0,1,2.0,1,0.0,0,0.0,1.0,0,0,0.0,1,1.0,0
43,synapse,1.2,org.apache.synapse.config.xml.LogMediatorFactory,4,2,0,6,16,2,0,6,3,1.047619048,97,1.0,0,0.6,0.666666667,0,0,21.5,7,2.0,0
44,synapse,1.2,org.apache.synapse.mediators.transform.FaultMediator,28,2,0,31,106,216,2,29,20,0.877492877,828,0.692307692,3,0.325,0.203571429,0,0,28.10714286,17,3.2143,3
45,synapse,1.2,org.apache.synapse.config.xml.AnnotatedCommandMediatorFactory,4,2,0,10,29,4,0,10,3,0.666666667,133,1.0,0,0.6,0.666666667,0,0,32.0,6,1.75,0
46,synapse,1.2,org.apache.synapse.core.axis2.DynamicAxisOperation,3,5,0,6,6,3,2,5,3,2.0,18,0.0,0,0.991150442,0.5,0,0,5.0,1,0.3333,0
47,synapse,1.2,org.apache.synapse.statistics.impl.ProxyServiceStatisticsStack,7,1,0,8,17,9,3,5,5,0.5,151,1.0,0,0.0,0.566666667,0,0,19.57142857,5,1.8571,0
48,synapse,1.2,org.apache.synapse.config.XMLToObjectMapper,1,1,0,10,1,0,9,1,1,2.0,1,0.0,0,0.0,1.0,0,0,0.0,1,1.0,0
49,synapse,1.2,org.apache.synapse.SynapseException,3,4,0,83,6,3,83,0,3,1.5,17,1.0,0,1.0,0.7777777779999999,0,0,4.333333333,0,0.0,1
50,synapse,1.2,org.apache.synapse.config.xml.endpoints.DefaultEndpointSerializer,4,2,1,13,21,0,1,12,2,2.0,178,0.0,0,0.666666667,0.5,2,3,43.5,9,3.25,0
51,synapse,1.2,org.apache.synapse.metrics.MetricsAggregatorModule,6,1,0,10,13,15,0,10,6,2.0,35,0.0,0,0.0,0.36111111100000004,0,0,4.833333333,1,0.8333,0
52,synapse,1.2,org.apache.synapse.startup.quartz.SimpleQuartzSerializer,3,1,0,11,35,1,0,11,2,0.625,200,1.0,0,0.0,0.666666667,0,0,64.33333333,11,3.6667,0
53,synapse,1.2,org.apache.synapse.core.axis2.SynapseMessageReceiver,5,1,1,21,47,0,2,19,2,0.25,242,1.0,0,0.0,0.5,0,0,47.0,4,1.6,0
54,synapse,1.2,org.apache.synapse.core.axis2.SynapseStartUpServlet,8,3,0,3,42,8,0,3,3,0.7857142859999999,202,1.0,0,0.806451613,0.35714285700000004,3,4,24.0,1,0.75,1
55,synapse,1.2,org.apache.synapse.mediators.annotations.ReadAndUpdate,1,1,0,1,1,0,1,0,1,2.0,1,0.0,0,0.0,1.0,0,0,0.0,1,1.0,0
56,synapse,1.2,org.apache.synapse.config.xml.FilterMediatorFactory,4,3,0,11,29,2,0,11,3,0.666666667,212,1.0,0,0.666666667,0.666666667,0,0,51.25,15,4.0,0
57,synapse,1.2,org.apache.synapse.core.axis2.AnonymousServiceFactory,6,1,0,17,32,11,1,16,2,1.044444444,242,0.7777777779999999,1,0.0,0.333333333,0,0,37.83333333,13,2.8333,1
58,synapse,1.2,org.apache.synapse.mediators.MediatorWorker,5,1,0,7,18,0,1,6,3,0.5,153,1.0,2,0.0,0.5,0,0,28.8,4,1.6,0
59,synapse,1.2,org.apache.synapse.core.axis2.SOAPUtils,5,1,0,22,66,4,2,20,4,0.25,493,1.0,0,0.0,0.41666666700000005,0,0,96.8,1,0.6,1
60,synapse,1.2,org.apache.synapse.mediators.annotations.Execute,0,1,0,0,0,0,0,0,0,2.0,0,0.0,0,0.0,0.0,0,0,0.0,0,0.0,0
61,synapse,1.2,org.apache.synapse.config.xml.ValidateMediatorFactory,4,3,0,9,29,2,0,9,3,0.666666667,218,1.0,0,0.666666667,0.666666667,0,0,52.75,16,4.25,0
62,synapse,1.2,org.apache.synapse.core.axis2.CustomURIResolver,3,1,0,5,7,1,1,4,3,0.5,40,1.0,2,0.0,0.5,0,0,11.66666667,3,1.0,1
63,synapse,1.2,org.apache.synapse.core.axis2.MessageContextCreatorForAxis2,5,1,0,12,10,0,3,9,4,0.583333333,46,1.0,2,0.0,0.25,0,0,7.6,1,0.6,0
64,synapse,1.2,org.apache.synapse.endpoints.FailoverEndpoint,11,1,0,16,45,11,3,13,10,0.6166666670000001,250,1.0,3,0.0,0.316666667,0,0,21.18181818,14,2.3636,0
65,synapse,1.2,org.apache.synapse.config.xml.StartupFactory,3,1,0,4,3,3,2,2,3,2.0,3,0.0,0,0.0,0.666666667,0,0,0.0,1,1.0,0
66,synapse,1.2,org.apache.synapse.util.xpath.SynapseXPathFunctionContext,2,1,0,6,7,0,1,5,2,0.0,36,1.0,1,0.0,0.625,0,0,16.0,1,0.5,0
67,synapse,1.2,org.apache.synapse.config.xml.CloneMediatorSerializer,3,2,0,10,16,3,0,10,3,2.0,56,0.0,0,0.75,0.5555555560000001,0,0,17.66666667,4,1.6667,0
68,synapse,1.2,org.apache.synapse.config.xml.FilterMediatorSerializer,3,3,0,11,27,3,0,11,3,2.0,145,0.0,0,0.7777777779999999,0.5555555560000001,0,0,47.33333333,10,3.6667,0
69,synapse,1.2,org.apache.synapse.mediators.filters.SwitchMediator,8,2,0,8,32,0,2,6,8,0.571428571,219,1.0,2,0.65,0.375,0,0,26.0,15,2.625,2
70,synapse,1.2,org.apache.synapse.metrics.Counter,3,1,0,2,4,0,2,0,3,0.0,20,1.0,0,0.0,1.0,0,0,5.333333333,1,0.6667,0
71,synapse,1.2,org.apache.synapse.config.xml.DBLookupMediatorFactory,4,3,0,5,9,4,0,5,3,0.666666667,31,1.0,0,0.818181818,0.666666667,0,0,6.5,1,0.5,0
72,synapse,1.2,org.apache.synapse.config.xml.SynapseXPathFactory,4,1,0,24,17,0,15,9,2,0.333333333,59,1.0,0,0.0,0.333333333,0,0,13.5,1,0.5,0
73,synapse,1.2,org.apache.synapse.mediators.eip.aggregator.Aggregate,22,2,0,4,44,135,1,4,20,0.8787878790000001,388,1.0,1,0.130434783,0.20105820100000002,0,0,16.13636364,16,2.0,1
74,synapse,1.2,org.apache.synapse.SynapseServer,6,1,0,4,26,9,1,4,3,0.9,171,1.0,0,0.0,0.2,0,0,27.16666667,1,0.6667,2
75,synapse,1.2,org.apache.synapse.config.xml.EntryFactory,5,1,0,11,28,8,1,10,3,0.25,122,1.0,0,0.0,0.3125,0,0,23.2,6,1.8,0
76,synapse,1.2,org.apache.synapse.statistics.StatisticsCollector,10,1,0,8,20,9,7,1,10,0.666666667,148,1.0,0,0.0,0.475,0,0,13.5,2,1.2,0
77,synapse,1.2,org.apache.synapse.config.xml.MediatorSerializer,2,1,0,8,2,1,6,2,2,2.0,2,0.0,0,0.0,0.666666667,0,0,0.0,1,1.0,0
78,synapse,1.2,org.apache.synapse.core.axis2.SynapseDispatcher,4,3,0,9,13,6,0,9,4,2.0,35,0.0,0,0.8,0.583333333,2,2,7.75,1,0.75,0
79,synapse,1.2,org.apache.synapse.mediators.ListMediator,6,1,0,13,6,15,12,1,6,2.0,6,0.0,0,0.0,0.45833333299999995,0,0,0.0,1,1.0,0
80,synapse,1.2,org.apache.synapse.config.xml.SequenceMediatorFactory,5,3,0,12,19,6,4,8,4,0.75,159,1.0,0,0.571428571,0.75,0,0,30.6,9,3.2,0
81,synapse,1.2,org.apache.synapse.statistics.impl.SequenceStatisticsStack,6,1,0,6,22,0,4,3,5,0.0,154,1.0,0,0.0,0.5,0,0,24.5,7,3.0,0
82,synapse,1.2,org.apache.synapse.config.xml.CacheMediatorFactory,5,2,0,9,42,4,0,9,3,0.8035714290000001,384,1.0,0,0.5,0.5,0,0,73.0,28,6.8,0
83,synapse,1.2,org.apache.synapse.startup.quartz.SimpleQuartzFactory,7,1,0,9,51,5,1,9,4,0.708333333,334,0.75,0,0.0,0.41666666700000005,0,0,46.14285714,23,3.8571,0
84,synapse,1.2,org.apache.synapse.ServerManager,25,1,0,32,86,174,11,21,22,0.868055556,740,1.0,2,0.0,0.333333333,0,0,28.12,11,2.48,3
85,synapse,1.2,org.apache.synapse.mediators.ext.ClassMediator,8,2,0,10,29,0,2,8,8,0.5,167,1.0,1,0.65,0.270833333,0,0,19.625,6,2.125,1
86,synapse,1.2,org.apache.synapse.core.axis2.AsyncCallback,10,1,0,7,11,35,4,3,10,0.851851852,46,0.666666667,1,0.0,0.26666666699999997,0,0,3.3,1,0.9,0
87,synapse,1.2,org.apache.synapse.util.ClasspathURLStreamHandler,2,2,0,2,4,1,1,1,2,2.0,10,0.0,0,0.923076923,0.75,0,0,4.0,1,0.5,0
88,synapse,1.2,org.apache.synapse.endpoints.dispatch.HttpSessionDispatcher,6,1,0,10,21,3,2,8,5,1.0,232,1.0,0,0.0,0.6,0,0,37.0,10,4.5,0
89,synapse,1.2,org.apache.synapse.endpoints.DefaultEndpoint,15,2,1,14,53,61,3,11,11,0.8,307,1.0,2,0.27777777800000003,0.333333333,1,1,19.13333333,18,2.6,0
90,synapse,1.2,org.apache.synapse.util.SimpleMapImpl,27,3,0,11,90,349,1,11,26,1.0307692309999998,845,1.0,0,0.6190476189999999,0.164835165,1,2,29.74074074,11,1.6296,0
91,synapse,1.2,org.apache.synapse.config.xml.DropMediatorSerializer,3,2,0,7,13,3,0,7,3,2.0,41,0.0,0,0.75,0.5555555560000001,0,0,12.66666667,3,1.3333,0
92,synapse,1.2,org.apache.synapse.config.xml.DBLookupMediatorSerializer,3,3,0,8,14,3,0,8,3,2.0,45,0.0,0,0.7777777779999999,0.5555555560000001,0,0,14.0,3,1.3333,0
93,synapse,1.2,org.apache.synapse.config.xml.SynapseMediatorFactory,4,3,0,5,9,4,0,5,3,0.666666667,30,1.0,0,0.666666667,0.666666667,0,0,6.25,1,0.5,0
94,synapse,1.2,org.apache.synapse.config.xml.CalloutMediatorFactory,4,2,0,8,25,2,0,8,3,0.666666667,218,1.0,0,0.6,0.666666667,0,0,51.5,14,3.75,0
95,synapse,1.2,org.apache.synapse.config.xml.AnonymousListMediator,2,3,0,8,4,1,6,2,2,2.0,9,0.0,0,0.956521739,0.75,0,0,3.5,1,0.5,0
96,synapse,1.2,org.apache.synapse.config.xml.POJOCommandMediatorSerializer,4,2,0,10,31,6,0,10,3,2.0,456,0.0,0,0.666666667,0.4,0,0,113.0,18,5.75,0
97,synapse,1.2,org.apache.synapse.config.xml.HeaderMediatorFactory,4,2,0,11,29,2,0,11,3,0.666666667,191,1.0,0,0.6,0.666666667,0,0,46.25,14,3.75,0
98,synapse,1.2,org.apache.synapse.config.xml.CacheMediatorSerializer,3,2,0,11,31,3,0,11,3,2.0,225,0.0,0,0.75,0.5555555560000001,0,0,74.0,13,4.6667,0
99,synapse,1.2,org.apache.synapse.core.axis2.SynapseInitializationModule,8,1,0,27,64,20,0,27,6,0.7857142859999999,313,1.0,1,0.0,0.333333333,0,0,37.875,2,0.875,1
100,synapse,1.2,org.apache.synapse.config.xml.MediatorFactory,2,1,0,5,2,1,3,2,2,2.0,2,0.0,0,0.0,0.75,0,0,0.0,1,1.0,0
101,synapse,1.2,org.apache.synapse.mediators.GetPropertyFunction,7,1,0,13,50,0,1,12,5,0.625,488,0.75,1,0.0,0.270833333,0,0,68.14285714,39,6.4286,2
102,synapse,1.2,org.apache.synapse.util.TextFileDataSource,12,2,0,15,28,54,1,14,12,0.590909091,117,1.0,1,0.47619047600000003,0.21875,1,3,8.583333332999999,1,0.9167,0
103,synapse,1.2,org.apache.synapse.mediators.db.Statement,6,1,0,7,12,1,6,2,6,0.666666667,56,0.0,0,0.0,0.5555555560000001,0,0,7.833333333,1,0.8333,0
104,synapse,1.2,org.apache.synapse.mediators.ext.AnnotatedCommandMediator,6,3,0,12,56,13,1,11,3,0.7,606,1.0,0,0.848484848,0.4,2,4,99.33333333,15,5.5,1
105,synapse,1.2,org.apache.synapse.mediators.MediatorProperty,9,1,0,10,12,26,8,2,8,0.9285714290000001,70,0.428571429,1,0.0,0.375,0,0,6.0,1,0.7778,0
106,synapse,1.2,org.apache.synapse.mediators.eip.splitter.CloneMediator,10,2,0,15,39,0,2,13,9,0.5,210,1.0,0,0.590909091,0.242857143,0,0,19.8,9,1.9,1
107,synapse,1.2,org.apache.synapse.registry.RegistryEntry,8,1,0,4,8,28,4,0,8,2.0,8,0.0,0,0.0,1.0,0,0,0.0,1,1.0,0
108,synapse,1.2,org.apache.synapse.config.xml.DropMediatorFactory,4,2,0,4,8,4,0,4,3,0.666666667,27,1.0,0,0.6,0.666666667,0,0,5.5,1,0.5,0
109,synapse,1.2,org.apache.synapse.startup.quartz.SimpleQuartz,17,2,0,17,62,88,2,16,16,0.8888888890000001,329,0.8888888890000001,0,0.117647059,0.20535714300000002,0,0,17.82352941,12,1.5882,0
110,synapse,1.2,org.apache.synapse.core.axis2.Axis2SynapseEnvironment,14,1,0,30,69,51,1,29,12,0.8205128209999999,511,1.0,2,0.0,0.192307692,0,0,35.07142857,17,2.5,1
111,synapse,1.2,org.apache.synapse.config.xml.OMElementUtils,4,1,0,13,21,4,4,9,3,0.666666667,132,1.0,0,0.0,0.4,0,0,31.75,6,2.75,0
112,synapse,1.2,org.apache.synapse.config.xml.IterateMediatorFactory,4,2,0,14,30,2,0,14,3,0.666666667,161,1.0,0,0.6,0.666666667,0,0,38.0,8,2.25,0
113,synapse,1.2,org.apache.synapse.mediators.FilterMediator,1,1,0,5,1,0,3,2,1,2.0,1,0.0,0,0.0,1.0,0,0,0.0,1,1.0,0
114,synapse,1.2,org.apache.synapse.config.xml.DBReportMediatorSerializer,3,3,0,8,14,3,0,8,3,2.0,45,0.0,0,0.7777777779999999,0.5555555560000001,0,0,14.0,3,1.3333,0
115,synapse,1.2,org.apache.synapse.config.xml.ProxyServiceSerializer,4,1,0,19,69,2,1,18,2,0.583333333,598,1.0,0,0.0,0.333333333,0,0,147.5,40,10.25,0
116,synapse,1.2,org.apache.synapse.FaultHandler,7,1,4,20,32,9,17,4,5,0.5,220,1.0,0,0.0,0.333333333,0,0,30.14285714,7,2.5714,0
117,synapse,1.2,org.apache.synapse.mediators.builtin.SendMediator,4,2,0,18,38,0,2,16,4,0.0,268,1.0,1,0.8125,0.5,0,0,65.75,27,7.25,2
118,synapse,1.2,org.apache.synapse.mediators.MediatorFaultHandler,6,2,0,10,20,0,4,7,4,0.533333333,106,1.0,1,0.5555555560000001,0.4,1,2,16.16666667,2,0.8333,0
119,synapse,1.2,org.apache.synapse.config.xml.SynapseXMLConfigurationSerializer,9,1,0,24,45,32,0,24,3,0.875,235,1.0,0,0.0,0.270833333,0,0,24.66666667,7,1.8889,1
120,synapse,1.2,org.apache.synapse.core.axis2.MediatorDeployer,9,1,0,11,45,22,0,11,6,0.75,351,1.0,0,0.0,0.4,0,0,37.77777778,1,0.7778,2
121,synapse,1.2,org.apache.synapse.config.xml.endpoints.LoadbalanceEndpointSerializer,2,2,0,13,16,1,1,13,1,2.0,88,0.0,0,0.857142857,0.75,1,2,43.0,6,3.0,1
122,synapse,1.2,org.apache.synapse.mediators.eip.aggregator.AggregateMediator,20,2,0,14,71,90,3,12,18,0.837320574,677,1.0,3,0.419354839,0.190789474,0,0,32.3,34,3.1,2
123,synapse,1.2,org.apache.synapse.core.axis2.TimeoutHandler,5,2,0,7,33,2,1,6,2,0.55,207,1.0,0,0.5,0.625,0,0,39.4,5,1.6,0
124,synapse,1.2,org.apache.synapse.util.FixedByteArrayOutputStream,3,3,0,2,7,1,1,1,3,2.0,43,0.0,0,0.882352941,0.7777777779999999,2,2,13.33333333,2,1.3333,0
125,synapse,1.2,org.apache.synapse.endpoints.Endpoint,7,1,0,48,7,21,48,1,7,2.0,7,0.0,0,0.0,0.428571429,0,0,0.0,1,1.0,1
126,synapse,1.2,org.apache.synapse.config.xml.ResourceMapSerializer,3,1,0,9,15,1,1,8,2,0.5,50,1.0,0,0.0,0.5,0,0,15.33333333,3,1.0,1
127,synapse,1.2,org.apache.synapse.config.xml.StartupFinder,11,1,0,11,38,0,2,9,7,0.56,336,1.0,1,0.0,0.28,0,0,29.09090909,3,1.3636,0
128,synapse,1.2,org.apache.synapse.config.xml.endpoints.IndirectEndpointSerializer,2,2,0,10,8,1,1,10,1,2.0,38,0.0,0,0.857142857,0.75,1,2,18.0,3,1.5,0
129,synapse,1.2,org.apache.synapse.core.axis2.ProxyService,67,1,0,44,172,1931,9,37,60,0.952101662,1449,0.967741935,5,0.0,0.109090909,0,0,20.164179100000002,49,1.9104,3
130,synapse,1.2,org.apache.synapse.config.xml.FaultMediatorSerializer,3,2,0,11,32,3,0,11,3,1.5,232,1.0,0,0.75,0.5555555560000001,0,0,75.33333333,16,5.6667,2
131,synapse,1.2,org.apache.synapse.config.xml.AbstractMediatorFactory,5,1,19,26,18,10,19,7,0,1.0,154,1.0,0,0.0,0.45,0,0,26.8,5,1.4,0
132,synapse,1.2,org.apache.synapse.mediators.eip.Target,14,1,0,15,26,29,8,7,14,0.7692307690000001,159,1.0,2,0.0,0.3,0,0,9.928571429,9,1.5,0
133,synapse,1.2,org.apache.synapse.registry.RegistryEntryImpl,18,1,0,2,28,87,1,1,18,0.852941176,200,1.0,0,0.0,0.36111111100000004,0,0,9.666666667000001,1,0.9444,0
134,synapse,1.2,org.apache.synapse.config.xml.DBReportMediatorFactory,4,3,0,5,9,4,0,5,3,0.666666667,31,1.0,0,0.818181818,0.666666667,0,0,6.5,1,0.5,0
135,synapse,1.2,org.apache.synapse.config.xml.XMLConfigConstants,2,1,0,4,5,1,4,0,1,1.689655172,88,0.0,0,0.0,1.0,0,0,28.5,0,0.0,2
136,synapse,1.2,org.apache.synapse.config.xml.InMediatorSerializer,3,3,0,7,15,3,0,7,3,2.0,46,0.0,0,0.7777777779999999,0.5555555560000001,0,0,14.33333333,3,1.3333,0
137,synapse,1.2,org.apache.synapse.util.xpath.SynapseXPathVariableContext,3,1,0,9,13,0,1,8,3,0.0,113,1.0,1,0.0,0.533333333,0,0,35.66666667,1,0.3333,0
138,synapse,1.2,org.apache.synapse.config.xml.IterateMediatorSerializer,3,2,0,12,24,3,0,12,3,2.0,94,0.0,0,0.75,0.5555555560000001,0,0,30.33333333,8,3.0,0
139,synapse,1.2,org.apache.synapse.registry.AbstractRegistry,7,1,1,10,37,13,1,9,5,0.75,227,1.0,0,0.0,0.375,0,0,31.14285714,20,3.4286,0
140,synapse,1.2,org.apache.synapse.config.xml.PropertyMediatorSerializer,3,2,0,10,21,3,0,10,3,2.0,110,0.0,0,0.75,0.5555555560000001,0,0,35.66666667,9,3.3333,0
141,synapse,1.2,org.apache.synapse.config.xml.XSLTMediatorSerializer,3,2,0,12,31,3,0,12,3,2.0,144,0.0,0,0.75,0.5555555560000001,0,0,47.0,11,4.0,1
142,synapse,1.2,org.apache.synapse.metrics.GlobalRequestCountHandler,2,2,0,6,9,1,0,6,2,2.0,20,0.0,0,0.875,0.75,0,0,9.0,1,0.5,0
143,synapse,1.2,org.apache.synapse.mediators.builtin.PropertyMediator,12,2,0,10,37,14,2,8,12,0.8311688309999999,390,0.7142857140000001,1,0.541666667,0.3,0,0,30.91666667,30,3.3333,1
144,synapse,1.2,org.apache.synapse.config.xml.endpoints.FailoverEndpointSerializer,2,2,0,11,14,1,1,11,1,2.0,63,0.0,0,0.857142857,0.75,1,2,30.5,4,2.0,0
145,synapse,1.2,org.apache.synapse.config.xml.endpoints.WSDLEndpointFactory,5,2,0,11,38,8,1,11,1,0.75,220,1.0,1,0.75,0.4375,2,4,42.8,12,2.8,0
146,synapse,1.2,org.apache.synapse.config.xml.PropertyHelper,7,1,0,7,42,9,3,4,4,0.333333333,558,1.0,0,0.0,0.3,0,0,78.57142857,12,3.2857,1
147,synapse,1.2,org.apache.synapse.mediators.ext.POJOCommandMediator,16,2,1,17,66,58,3,14,14,0.8,918,1.0,0,0.46428571399999996,0.333333333,0,0,56.0,16,2.6875,1
148,synapse,1.2,org.apache.synapse.util.AXIOMUtils,2,1,0,6,6,1,2,4,1,2.0,21,0.0,0,0.0,0.5,0,0,9.5,2,1.0,0
149,synapse,1.2,org.apache.synapse.statistics.Statistics,7,1,0,1,8,0,1,0,7,0.7222222220000001,113,1.0,0,0.0,0.428571429,0,0,14.28571429,7,1.7143,0
150,synapse,1.2,org.apache.synapse.endpoints.algorithms.AlgorithmContext,10,1,0,11,33,0,4,7,6,0.746031746,248,1.0,0,0.0,0.314814815,0,0,23.1,6,2.4,1
151,synapse,1.2,org.apache.synapse.util.TemporaryData,9,1,0,10,30,6,7,5,5,0.671875,235,0.125,0,0.0,0.34375,0,0,24.22222222,3,1.1111,1
152,synapse,1.2,org.apache.synapse.mediators.eip.EIPUtils,5,1,0,12,19,10,3,9,4,1.0,143,1.0,0,0.0,0.583333333,0,0,27.4,1,0.6,0
153,synapse,1.2,org.apache.synapse.ManagedLifecycle,2,1,0,11,2,1,10,1,2,2.0,2,0.0,0,0.0,0.75,0,0,0.0,1,1.0,0
154,synapse,1.2,org.apache.synapse.statistics.StatisticsStack,4,1,0,7,4,6,6,1,4,2.0,4,0.0,0,0.0,0.7,0,0,0.0,1,1.0,0
155,synapse,1.2,org.apache.synapse.config.SynapseConfigurationBuilder,6,1,0,11,37,3,1,10,3,0.4,214,1.0,0,0.0,0.26666666699999997,0,0,34.5,8,1.8333,1
156,synapse,1.2,org.apache.synapse.config.xml.endpoints.utils.WSDL20EndpointBuilder,1,1,0,0,2,0,0,0,1,2.0,4,0.0,0,0.0,1.0,0,0,3.0,0,0.0,0
157,synapse,1.2,org.apache.synapse.mediators.filters.FilterMediator,17,3,0,11,39,52,2,9,17,0.794642857,535,1.0,3,0.578947368,0.218487395,1,3,30.05882353,21,2.5294,1
158,synapse,1.2,org.apache.synapse.startup.AbstractStartup,3,1,1,2,4,0,1,1,3,0.0,17,1.0,0,0.0,0.666666667,0,0,4.333333333,1,0.6667,0
159,synapse,1.2,org.apache.synapse.mediators.annotations.ReadFromMessage,1,1,0,1,1,0,1,0,1,2.0,1,0.0,0,0.0,1.0,0,0,0.0,1,1.0,0
160,synapse,1.2,org.apache.synapse.config.xml.RegistrySerializer,4,1,0,11,23,2,1,10,2,0.583333333,101,1.0,0,0.0,0.333333333,0,0,23.25,4,1.25,0
161,synapse,1.2,org.apache.synapse.core.axis2.CustomWSDLLocator,7,1,0,5,11,13,2,3,7,0.7666666670000001,68,1.0,2,0.0,0.4,0,0,8.0,3,1.0,2
162,synapse,1.2,org.apache.synapse.config.xml.endpoints.SALoadbalanceEndpointSerializer,2,2,0,16,21,1,1,16,1,2.0,145,0.0,0,0.857142857,0.75,1,3,71.5,8,4.0,1
163,synapse,1.2,org.apache.synapse.config.xml.endpoints.EndpointSerializer,8,1,6,28,44,26,10,23,3,0.9285714290000001,342,1.0,0,0.0,0.37142857100000004,0,0,41.5,19,3.75,1
164,synapse,1.2,org.apache.synapse.core.axis2.Axis2Sender,5,1,0,22,45,8,2,20,3,0.25,165,1.0,0,0.0,0.3,0,0,31.8,15,3.4,2
165,synapse,1.2,org.apache.synapse.mediators.eip.splitter.IterateMediator,15,2,0,21,53,27,2,19,14,0.728571429,357,1.0,3,0.481481481,0.192592593,0,0,22.46666667,13,1.8667,1
166,synapse,1.2,org.apache.synapse.config.xml.AbstractDBMediatorFactory,8,2,2,12,60,12,4,9,1,0.75,709,0.0,0,0.333333333,0.6785714290000001,0,0,86.125,23,5.0,2
167,synapse,1.2,org.apache.synapse.config.xml.endpoints.XMLToEndpointMapper,4,1,0,7,7,4,1,6,2,0.666666667,30,1.0,1,0.0,0.5,0,0,6.25,2,0.75,0
168,synapse,1.2,org.apache.synapse.config.xml.AbstractMediatorSerializer,8,1,18,34,36,22,18,16,0,0.771428571,181,1.0,0,0.0,0.346938776,0,0,21.0,5,1.75,0
169,synapse,1.2,org.apache.synapse.config.xml.SwitchMediatorSerializer,3,2,0,13,27,3,0,13,3,2.0,128,0.0,0,0.75,0.5555555560000001,0,0,41.66666667,8,3.0,0
170,synapse,1.2,org.apache.synapse.mediators.builtin.CalloutMediator,22,2,0,25,64,135,2,23,20,0.865800866,544,0.818181818,2,0.393939394,0.304761905,0,0,23.22727273,22,1.9545,1
171,synapse,1.2,org.apache.synapse.Startup,3,1,0,11,3,3,10,1,3,2.0,3,0.0,0,0.0,0.666666667,0,0,0.0,1,1.0,0
172,synapse,1.2,org.apache.synapse.config.xml.MediatorFactoryFinder,9,1,0,14,39,0,4,10,5,0.5,406,1.0,1,0.0,0.3125,0,0,43.66666667,7,1.7778,2
173,synapse,1.2,org.apache.synapse.config.xml.AbstractListMediatorSerializer,2,2,7,12,14,1,7,5,1,2.0,40,0.0,0,0.857142857,0.666666667,0,0,19.0,3,1.5,0
174,synapse,1.2,org.apache.synapse.config.xml.TargetSerializer,3,1,0,13,18,1,2,11,2,0.5,90,1.0,0,0.0,0.5,0,0,28.0,7,2.3333,0
175,synapse,1.2,org.apache.synapse.config.xml.TargetFactory,4,1,0,12,25,2,2,10,2,0.5,145,1.0,0,0.0,0.333333333,0,0,34.75,12,3.5,0
176,synapse,1.2,org.apache.synapse.mediators.annotations.Namespaces,1,1,0,1,1,0,1,0,1,2.0,1,0.0,0,0.0,1.0,0,0,0.0,1,1.0,0
177,synapse,1.2,org.apache.synapse.statistics.StatisticsHolder,9,1,0,2,12,22,1,1,9,0.8125,75,1.0,2,0.0,0.288888889,0,0,6.8888888889999995,4,1.2222,0
178,synapse,1.2,org.apache.synapse.util.PolicyInfo,14,1,0,3,15,0,3,0,14,0.7230769229999999,126,0.6,0,0.0,0.446428571,0,0,7.642857143,4,1.4286,0
179,synapse,1.2,org.apache.synapse.config.xml.ConfigurationSerializer,2,1,0,4,2,1,2,2,2,2.0,2,0.0,0,0.0,0.75,0,0,0.0,1,1.0,0
180,synapse,1.2,org.apache.synapse.mediators.db.AbstractDBMediator,14,2,2,19,71,47,8,13,11,0.666666667,442,0.666666667,0,0.5,0.255102041,0,0,30.35714286,7,1.5,2
181,synapse,1.2,org.apache.synapse.config.xml.PropertyMediatorFactory,4,2,0,10,22,4,0,10,3,0.666666667,174,1.0,0,0.6,0.666666667,0,0,42.0,15,4.0,0
182,synapse,1.2,org.apache.synapse.config.xml.StartupSerializer,1,1,0,4,1,0,2,2,1,2.0,1,0.0,0,0.0,1.0,0,0,0.0,1,1.0,0
183,synapse,1.2,org.apache.synapse.config.xml.OutMediatorFactory,4,3,0,5,9,4,0,5,3,0.666666667,30,1.0,0,0.666666667,0.666666667,0,0,6.25,1,0.5,0
184,synapse,1.2,org.apache.synapse.mediators.filters.InMediator,3,3,0,7,16,3,2,5,3,2.0,74,0.0,0,0.916666667,0.833333333,1,2,23.66666667,8,3.3333,1
185,synapse,1.2,org.apache.synapse.MessageContext,52,1,0,78,52,1326,72,10,52,2.0,52,0.0,0,0.0,0.126602564,0,0,0.0,1,1.0,0
186,synapse,1.2,org.apache.synapse.config.xml.endpoints.AddressEndpointFactory,5,3,0,7,18,8,1,6,2,0.75,80,1.0,1,0.8125,0.5,2,5,14.8,3,1.2,1
187,synapse,1.2,org.apache.synapse.core.axis2.SynapseAxisServlet,4,4,0,7,16,4,0,7,3,1.0,48,1.0,0,0.9642857140000001,0.5555555560000001,1,6,10.75,1,0.5,1
188,synapse,1.2,org.apache.synapse.config.xml.AnonymousListMediatorSerializer,3,3,0,5,12,3,1,4,3,2.0,33,0.0,0,0.7777777779999999,0.5555555560000001,0,0,10.0,2,1.0,0
189,synapse,1.2,org.apache.synapse.config.xml.endpoints.utils.WSDL11EndpointBuilder,7,1,0,8,43,15,1,7,2,0.166666667,245,1.0,0,0.0,0.4,0,0,33.85714286,12,2.2857,1
190,synapse,1.2,org.apache.synapse.startup.quartz.SimpleQuartzJob,5,1,0,12,31,0,0,12,2,1.0,132,0.25,0,0.0,0.5,0,0,24.6,1,0.6,0
191,synapse,1.2,org.apache.synapse.config.xml.SequenceMediatorSerializer,4,3,0,12,24,4,4,8,4,2.0,188,0.0,0,0.7,0.5,0,0,46.0,10,4.25,0
192,synapse,1.2,org.apache.synapse.util.SimpleMap,22,1,0,2,22,231,2,0,22,2.0,22,0.0,0,0.0,0.204545455,0,0,0.0,1,1.0,0
193,synapse,1.2,org.apache.synapse.config.xml.MediatorPropertyFactory,3,1,0,11,26,1,2,9,2,0.5,158,1.0,0,0.0,0.5,0,0,51.33333333,11,3.6667,0
194,synapse,1.2,org.apache.synapse.util.RMIRegistryController,6,1,0,5,17,5,2,3,3,0.7,76,0.75,1,0.0,0.3,0,0,11.0,2,0.8333,0
195,synapse,1.2,org.apache.synapse.endpoints.dispatch.SimpleClientSessionDispatcher,6,1,0,11,22,3,2,9,5,0.4,202,1.0,0,0.0,0.6,0,0,32.33333333,8,3.3333,0
196,synapse,1.2,org.apache.synapse.mediators.annotations.UpdateMessage,1,1,0,1,1,0,1,0,1,2.0,1,0.0,0,0.0,1.0,0,0,0.0,1,1.0,0
197,synapse,1.2,org.apache.synapse.config.xml.RegistryFactory,6,1,0,7,28,5,1,6,2,0.55,163,0.25,0,0.0,0.3,0,0,25.5,4,1.3333,0
198,synapse,1.2,org.apache.synapse.config.xml.endpoints.DefaultEndpointFactory,6,2,1,7,28,13,2,6,2,0.8,139,1.0,1,0.692307692,0.45,2,3,22.0,6,1.8333,1
199,synapse,1.2,org.apache.synapse.config.xml.endpoints.FailoverEndpointFactory,4,2,0,4,13,4,1,4,1,0.666666667,51,1.0,1,0.818181818,0.444444444,1,1,11.5,3,1.0,0
200,synapse,1.2,org.apache.synapse.config.xml.endpoints.SALoadbalanceEndpointFactory,4,2,0,11,23,4,1,11,1,0.666666667,117,1.0,1,0.818181818,0.444444444,1,2,28.0,6,1.75,1
201,synapse,1.2,org.apache.synapse.config.xml.POJOCommandMediatorFactory,5,2,0,10,35,6,0,10,3,1.027777778,435,1.0,0,0.5,0.5,0,0,84.2,30,7.4,0
202,synapse,1.2,org.apache.synapse.config.xml.RMSequenceMediatorFactory,4,2,0,10,28,2,0,10,3,0.666666667,260,1.0,0,0.6,0.666666667,0,0,62.75,19,5.0,0
203,synapse,1.2,org.apache.synapse.config.xml.CloneMediatorFactory,4,2,0,7,19,2,0,7,3,0.666666667,66,1.0,0,0.6,0.666666667,0,0,14.75,3,1.0,0
204,synapse,1.2,org.apache.synapse.endpoints.algorithms.RoundRobin,4,1,0,9,14,0,3,6,3,0.5,89,1.0,0,0.0,0.583333333,0,0,20.75,5,1.75,3
205,synapse,1.2,org.apache.synapse.config.xml.endpoints.EndpointFactory,11,1,6,23,65,49,11,18,3,0.4,566,1.0,0,0.0,0.2625,0,0,50.36363636,35,4.9091,0
206,synapse,1.2,org.apache.synapse.endpoints.WSDLEndpoint,23,2,0,22,74,175,4,18,19,0.8818181820000001,461,1.0,3,0.192307692,0.25974026,1,1,18.60869565,23,2.5217,0
207,synapse,1.2,org.apache.synapse.config.xml.EntrySerializer,4,1,0,13,22,2,1,12,2,0.583333333,126,1.0,0,0.0,0.333333333,0,0,29.5,6,1.75,0
208,synapse,1.2,org.apache.synapse.config.xml.endpoints.AddressEndpointSerializer,3,3,0,13,17,1,1,12,2,2.0,82,0.0,0,0.818181818,0.5555555560000001,2,7,26.33333333,3,1.6667,0
209,synapse,1.2,org.apache.synapse.config.xml.endpoints.WSDLEndpointSerializer,3,2,0,12,16,3,1,12,1,2.0,101,0.0,0,0.75,0.5,1,2,32.66666667,7,2.6667,0
210,synapse,1.2,org.apache.synapse.config.SynapseConfiguration,50,1,0,46,108,697,27,20,48,0.871985158,976,0.9090909090000001,2,0.0,0.135007849,0,0,18.3,8,2.1,4
211,synapse,1.2,org.apache.synapse.config.xml.InMediatorFactory,4,3,0,5,9,4,0,5,3,0.666666667,30,1.0,0,0.666666667,0.666666667,0,0,6.25,1,0.5,0
212,synapse,1.2,org.apache.synapse.config.xml.AbstractListMediatorFactory,2,2,7,14,15,1,7,7,1,2.0,46,0.0,0,0.75,0.5,0,0,22.0,3,1.5,0
213,synapse,1.2,org.apache.synapse.mediators.db.DBReportMediator,2,3,0,5,18,1,2,3,1,2.0,106,0.0,0,0.962962963,0.666666667,2,5,52.0,7,3.5,1
214,synapse,1.2,org.apache.synapse.util.xpath.SynapseXPathConstants,1,1,0,0,2,0,0,0,1,2.0,10,0.0,0,0.0,1.0,0,0,3.0,0,0.0,0
215,synapse,1.2,org.apache.synapse.config.xml.XSLTMediatorFactory,4,2,0,9,27,4,0,9,3,0.666666667,150,1.0,0,0.6,0.666666667,0,0,36.25,11,3.0,1
216,synapse,1.2,org.apache.synapse.mediators.transform.HeaderMediator,12,2,0,16,51,10,2,14,10,0.818181818,435,0.666666667,1,0.541666667,0.23809523800000001,0,0,34.75,27,3.5833,1
217,synapse,1.2,org.apache.synapse.core.axis2.SynapseMustUnderstandHandler,2,2,0,8,14,1,0,8,2,2.0,46,0.0,0,0.875,0.75,0,0,22.0,1,0.5,0
218,synapse,1.2,org.apache.synapse.config.xml.MediatorSerializerFinder,7,1,0,9,28,0,3,6,3,0.541666667,265,1.0,1,0.0,0.333333333,0,0,36.28571429,3,1.1429,2
219,synapse,1.2,org.apache.synapse.mediators.builtin.DropMediator,2,2,0,11,16,1,5,6,2,2.0,50,0.0,0,0.9285714290000001,0.75,0,0,24.0,5,2.5,1
220,synapse,1.2,org.apache.synapse.config.xml.SendMediatorSerializer,3,2,0,9,15,3,0,9,3,2.0,50,0.0,0,0.75,0.5555555560000001,0,0,15.66666667,4,1.6667,0
221,synapse,1.2,org.apache.synapse.mediators.base.SynapseMediator,2,3,0,10,23,1,2,8,2,2.0,114,0.0,0,0.956521739,0.75,1,2,56.0,11,5.5,1
222,synapse,1.2,org.apache.synapse.config.xml.LogMediatorSerializer,3,2,0,8,19,3,0,8,3,2.0,88,0.0,0,0.75,0.5555555560000001,0,0,28.33333333,8,3.0,0
223,synapse,1.2,org.apache.synapse.metrics.MetricsConstants,1,1,0,0,2,0,0,0,1,2.0,6,0.0,0,0.0,1.0,0,0,3.0,0,0.0,0
224,synapse,1.2,org.apache.synapse.config.xml.XMLConfigurationBuilder,3,1,0,8,11,1,2,6,2,0.5,26,1.0,0,0.0,0.5,0,0,7.333333333,1,0.3333,0
225,synapse,1.2,org.apache.synapse.config.xml.ConfigurationFactoryAndSerializerFinder,13,1,0,14,45,10,2,12,8,0.583333333,382,1.0,1,0.0,0.19047619,0,0,28.0,4,1.4615,0
226,synapse,1.2,org.apache.synapse.mediators.builtin.CacheMediator,25,2,0,26,87,168,2,24,22,0.854166667,753,1.0,1,0.35135135100000003,0.188,0,0,28.64,16,1.6,2
227,synapse,1.2,org.apache.synapse.core.axis2.SynapseCallbackReceiver,6,1,0,34,105,0,2,32,3,0.5,620,1.0,0,0.0,0.37142857100000004,0,0,102.0,7,1.8333,1
228,synapse,1.2,org.apache.synapse.config.xml.SwitchMediatorFactory,4,2,0,13,27,2,0,13,3,0.666666667,167,1.0,0,0.6,0.666666667,0,0,40.0,5,1.5,0
229,synapse,1.2,org.apache.synapse.util.MessageHelper,8,1,0,33,105,28,5,28,7,2.0,455,0.0,0,0.0,0.2,0,0,55.875,6,2.875,3
230,synapse,1.2,org.apache.synapse.config.xml.AggregateMediatorFactory,4,2,0,13,29,2,0,13,3,0.696969697,222,1.0,0,0.6,0.666666667,0,0,51.75,12,3.25,0
231,synapse,1.2,org.apache.synapse.config.xml.endpoints.utils.LoadbalanceAlgorithmFactory,2,1,0,6,8,1,2,4,2,2.0,33,0.0,0,0.0,0.5,0,0,15.5,3,1.5,3
232,synapse,1.2,org.apache.synapse.util.concurrent.SynapseThreadFactory,2,1,0,1,13,0,1,0,2,0.0,57,0.0,0,0.0,0.625,0,0,26.0,1,0.5,0
233,synapse,1.2,org.apache.synapse.config.xml.AggregateMediatorSerializer,4,2,0,14,29,6,0,14,3,1.0,156,1.0,0,0.75,0.5555555560000001,0,0,37.75,10,2.75,0
234,synapse,1.2,org.apache.synapse.util.POXUtils,3,1,0,12,29,1,1,11,2,0.5,143,1.0,0,0.0,0.5,0,0,46.33333333,12,4.0,0
235,synapse,1.2,org.apache.synapse.config.xml.SwitchCase,8,1,0,7,18,8,3,4,7,0.7142857140000001,79,1.0,1,0.0,0.314285714,0,0,8.5,3,1.125,1
236,synapse,1.2,org.apache.synapse.config.xml.SynapseXPathSerializer,5,1,0,23,23,8,14,9,2,0.5,77,1.0,0,0.0,0.4375,0,0,14.2,2,1.0,0
237,synapse,1.2,org.apache.synapse.core.axis2.Axis2MessageContext,61,1,0,46,136,378,25,21,61,0.8816666670000001,776,1.0,2,0.0,0.111241218,0,0,11.55737705,11,1.541,1
238,synapse,1.2,org.apache.synapse.Command,1,1,0,2,1,0,2,0,1,2.0,1,0.0,0,0.0,1.0,0,0,0.0,1,1.0,0
239,synapse,1.2,org.apache.synapse.config.xml.SendMediatorFactory,4,2,0,6,11,2,0,6,3,0.666666667,49,1.0,0,0.6,0.666666667,0,0,10.75,3,1.0,0
240,synapse,1.2,org.apache.synapse.endpoints.dispatch.Dispatcher,4,1,0,9,4,6,6,3,4,2.0,4,0.0,0,0.0,0.6875,0,0,0.0,1,1.0,0
241,synapse,1.2,org.apache.synapse.endpoints.IndirectEndpoint,15,2,0,15,42,27,6,9,12,0.726190476,326,0.833333333,1,0.27777777800000003,0.4,1,1,20.33333333,7,2.4667,0
242,synapse,1.2,org.apache.synapse.mediators.builtin.LogMediator,16,2,0,13,60,34,4,9,9,0.8666666670000001,483,0.375,0,0.46428571399999996,0.258928571,0,0,28.6875,8,2.4375,1
243,synapse,1.2,org.apache.synapse.statistics.impl.EndPointStatisticsStack,5,1,0,7,26,0,5,3,5,0.25,288,1.0,0,0.0,0.6,0,0,56.2,9,4.2,0
244,synapse,1.2,org.apache.synapse.SynapseConstants,2,1,0,14,6,1,11,3,1,1.977777778,106,0.0,0,0.0,1.0,0,0,7.0,0,0.0,4
245,synapse,1.2,org.apache.synapse.Mediator,4,1,0,78,4,6,78,1,4,2.0,4,0.0,0,0.0,0.5,0,0,0.0,1,1.0,0
246,synapse,1.2,org.apache.synapse.statistics.StatisticsUtils,6,1,0,14,22,15,5,9,5,2.0,146,0.0,0,0.0,0.5,0,0,23.33333333,4,2.3333,0
247,synapse,1.2,org.apache.synapse.util.DataSourceRegistrar,11,1,0,5,59,25,1,4,2,1.075609756,1312,0.975609756,0,0.0,0.271428571,0,0,114.54545449999999,10,4.1818,1
248,synapse,1.2,org.apache.synapse.config.xml.FaultMediatorFactory,4,2,0,9,36,2,0,9,3,0.8666666670000001,371,1.0,0,0.6,0.666666667,0,0,89.25,23,6.0,2
249,synapse,1.2,org.apache.synapse.mediators.eip.EIPConstants,1,1,0,0,2,0,0,0,1,2.0,7,0.0,0,0.0,1.0,0,0,3.0,0,0.0,0
250,synapse,1.2,org.apache.synapse.mediators.filters.OutMediator,3,3,0,7,16,3,2,5,3,2.0,70,0.0,0,0.916666667,0.833333333,1,2,22.33333333,8,3.0,1
251,synapse,1.2,org.apache.synapse.startup.tasks.MessageInjector,7,1,0,9,22,5,0,9,7,0.7,114,1.0,1,0.0,0.39285714299999996,0,0,14.57142857,5,1.4286,0
252,synapse,1.2,org.apache.synapse.config.xml.RMSequenceMediatorSerializer,3,2,0,10,21,3,0,10,3,2.0,107,0.0,0,0.75,0.5555555560000001,0,0,34.66666667,11,4.0,0
253,synapse,1.2,org.apache.synapse.config.SynapseConfigUtils,15,1,0,23,75,49,10,13,10,0.28571428600000004,940,1.0,0,0.0,0.154761905,0,0,61.6,12,3.4667,2
254,synapse,1.2,org.apache.synapse.config.xml.endpoints.IndirectEndpointFactory,4,2,0,4,10,4,1,4,1,0.666666667,43,1.0,1,0.818181818,0.444444444,1,1,9.5,2,0.75,0
255,synapse,1.2,org.apache.synapse.util.SynapseBinaryDataSource,6,1,0,3,15,0,1,2,6,0.5,60,1.0,1,0.0,0.45833333299999995,0,0,8.666666667000001,1,0.6667,0
